station_complex_id,station_complex_name,avg_annual_ridership,log_avg_ridership,is_ibx,subway_trips_per_hour_am_peak,inv_headway,log_jobs_access_network,log_pop_density_0p5mi,landuse_entropy_0p5mi,cultural_count_0p5mi_log1p,log_pct_walked_access_network,min_line_anchor_travel_time_min,median_line_anchor_travel_time_min,n_valid_anchor_lines,log_min_line_anchor_travel_time,travel_time_missing_flag,poverty_latest,poverty_slope,pop_latest,pop_slope,poverty_imputed_flag,poverty_missing_flag,population_missing_flag,poverty_imputed_nearest_flag,poverty_imputed_line_flag,borough_Brooklyn,borough_Manhattan,borough_Queens,borough_Staten Island,poverty_source_nearest_gtfs,poverty_source_observed,travel_time_source_nearest_station_complex_id,travel_time_source_observed_gtfs,log_bus_routes_access_network,pct_hh_no_vehicle_access_network,pct_car_truck_van_access_network,log_citibike_0p5mi,subway_lines_serving_station,cluster
150,155 St (C),1697.622762,7.437573062,0,30.67,0.666666222,7.605890001,11.41093704,1.932899496,3.663561646,2.272845782,21.5,21.5,1,3.113515309,0,18.92468179,-1.559091117,7866.108751,311.5299687,0,0,0,0,0,0,1,0,0,0,1,0,1,2.890371758,9.601118696,6.683330156,3.295836866,0,0
185,Liberty Av (C),1682.952165,7.428898789,0,30.33,0.49999975,7.278628942,10.31834178,2.21688217,1.791759469,1.47653196,41.5,41.5,1,3.749504076,0,36.03762011,-0.592808032,1838.123973,54.72255755,0,0,0,0,0,1,0,0,0,0,1,0,1,2.397895273,24.87143622,21.43774735,1.386294361,0,1
4,"Broadway (N,W)",9029.28447,9.108339149,0,46,0.666666222,8.575650761,10.94681614,1.803719209,2.63905733,1.94276322,18,18.25,2,2.944438979,0,7.930452665,-0.713282239,5338.977141,89.97694834,0,0,0,0,0,0,0,1,0,0,1,0,1,2.564949357,13.45157835,11.28325773,3.218875825,0,0
374,E 143 St-St Mary's St (6),930.4300919,6.836721138,0,46,0.999999,7.944137491,10.47522952,2.154512099,0,2.22265413,25.5,25.5,1,3.277144733,0,46.1,-0.51958042,2140.681773,58.48908024,1,0,0,1,0,0,0,0,0,1,0,0,1,2.564949357,17.74016996,13.72769266,2.708050201,0,0
381,Kingsbridge Rd (4),5749.886551,8.657109305,0,42.33,0.666666222,8.329899293,11.46679775,1.963344809,2.302585093,2.130627904,37.75,37.75,1,3.657130756,0,36.32551531,0.284166676,4519.505445,-138.2777243,1,0,0,1,0,0,0,0,0,1,0,0,1,3.044522438,17.22529504,14.6191434,3.135494216,0,0
396,96 St (6),13185.80648,9.4869721,0,57.67,0.999999,9.476083537,11.50389481,1.811701779,3.931825633,2.759857947,11,11,2,2.48490665,0,8.551151632,0.137853316,10375.11441,-79.31502569,0,0,0,0,0,0,1,0,0,0,1,0,1,3.295836866,7.253365478,5.717805002,2.995732274,0,0
208,Beach 25 St (A),1080.760402,6.986344995,0,20.67,0.39999984,8.050065423,10.35462686,1.573010078,0.693147181,1.992671718,71.5,71.5,1,4.283586562,0,19.31193977,0.247485529,2152.076947,110.971808,0,0,0,0,0,0,0,1,0,0,1,0,1,1.791759469,48.06222602,43.51165768,0,2,1
303,157 St (1),7076.841618,8.864724284,0,46.67,0.666666222,7.559559496,11.29011936,1.817454055,3.465735903,2.426965702,23,23,1,3.17805383,0,23.49393343,-0.597151389,8460.751108,-54.60017178,0,0,0,0,0,0,1,0,0,0,1,0,1,2.564949357,9.093944161,6.452332466,3.135494216,0,0
114,Central Av (M),2828.179971,7.947742186,0,37,0.666666222,7.948738455,11.03802989,1.935594414,1.791759469,2.026163391,27,27,1,3.33220451,0,15.17152953,-1.313495012,4539.496815,-37.40257605,0,0,0,0,0,1,0,0,0,0,1,0,1,2.833213344,14.63468573,11.58110799,3.258096538,1,0
189,Grant Av (A),3866.183358,8.260281706,0,43.33,0.999999,7.290292882,10.79607968,1.567604977,0.693147181,1.758671225,41.5,41.5,1,3.749504076,0,10.66277032,-2.416884533,3155.850744,4.848196271,0,0,0,0,0,1,0,0,0,0,1,0,1,2.397895273,29.0562842,24.244857,0,0,1
350,Pennsylvania Av (3),2721.089381,7.909155019,0,39.67,0.666666222,7.567345676,10.64354217,1.946761073,1.098612289,1.690896278,40,44.25,4,3.713572067,0,26.94174444,-1.374648825,4499.751602,-2.580554653,0,0,0,0,0,1,0,0,0,0,1,0,1,2.833213344,25.50593288,21.21079121,0,0,1
60,Fort Hamilton Pkwy (D),2930.160256,7.983153616,0,34.67,0.49999975,8.889032572,11.03275836,1.948239489,1.386294361,3.207375819,36,36,1,3.610917913,0,29.86753598,-0.957864092,6483.493451,-48.75190945,0,0,0,0,0,1,0,0,0,0,1,0,1,2.48490665,20.7763424,13.50765721,1.609437912,0,0
305,137 St-City College (1),8579.733551,9.057274684,0,50.67,0.999999,8.000014094,11.07734645,2.011932214,3.36729583,2.221856095,19.5,19.5,1,3.020424886,0,27.78206612,-0.424230113,9476.910085,-3.827109363,0,0,0,0,0,0,1,0,0,0,1,0,1,2.944438979,7.390106561,5.772072763,3.044522438,0,0
355,"Winthrop St (2,5)",5575.986393,8.626403837,0,57,0.999999,9.412627941,11.02329039,1.783462724,2.397895273,2.12177812,35.5,36.25,2,3.597312261,0,18.63344207,-1.056348368,2941.802982,-56.77412985,0,0,0,0,0,1,0,0,0,0,1,0,1,2.48490665,17.17390208,15.01748788,3.135494216,0,0
56,Ocean Pkwy (Q),2278.678882,7.731789871,0,38.33,0.666666222,8.726805608,10.55307462,1.786199234,1.791759469,2.777133633,48,48,1,3.891820298,0,28.99451724,-0.399151358,4643.340895,124.6335506,0,0,0,0,0,1,0,0,0,0,1,0,1,2.397895273,23.7662012,20.75514849,0,0,1
113,Knickerbocker Av (M),2889.460752,7.969171198,0,36.67,0.666666222,8.124150603,11.11924564,1.81798493,2.079441542,2.163722684,29,29,1,3.401197382,0,16.6398517,-2.017332512,4094.556475,-98.69099922,0,0,0,0,0,1,0,0,0,0,1,0,1,2.890371758,14.87320448,12.50455341,3.17805383,1,0
289,Bedford-Nostrand Avs (G),6261.654028,8.74235934,0,36.33,0.666666222,8.248790734,11.09534729,1.935776819,2.197224577,2.455783025,14,14,1,2.708050201,0,21.44610721,-0.180412329,4937.879571,85.81503419,0,0,0,0,0,1,0,0,0,0,1,0,1,2.708050201,13.35194898,11.63867596,3.044522438,0,0
84,85 St-Forest Pkwy (J),2705.137881,7.903277761,0,34.67,0.666666222,6.971668605,10.55223865,1.303033606,0.693147181,1.607345257,36.75,36.75,1,3.630985476,0,7.012759521,-0.67523344,4028.848021,-3.148088015,0,0,0,0,0,0,0,1,0,0,1,0,1,2.564949357,32.06035899,27.01307734,0,0,1
220,"155 St (B,D)",1884.604197,7.542003577,0,42.67,0.666666222,6.651571874,11.23508811,2.007013355,3.526360525,1.859143648,25,25,1,3.258096538,0,30.36343184,-0.798639018,6142.95665,-0.961046832,0,0,0,0,0,0,1,0,0,0,1,0,1,2.833213344,10.75157423,8.174317009,3.218875825,2,4
388,167 St (4),5606.061139,8.631782,0,43.33,0.666666222,8.285261134,11.5275776,2.047639134,2.079441542,2.283412816,26.75,26.75,1,3.32323584,0,30.36343184,-0.798639018,6320.73834,-18.39330532,1,0,0,1,0,0,0,0,0,1,0,0,1,2.833213344,15.67202363,13.06958877,3.258096538,0,0
452,90 St-Elmhurst Av (7),14200.0257,9.561069473,0,76,0.999999,8.494333897,11.5183905,1.764459101,1.609437912,2.238011696,26,26,1,3.295836866,0,17.46247552,-0.726141604,8071.375148,812.1617991,0,0,0,0,0,0,0,1,0,0,1,0,1,2.833213344,20.68676546,14.90860319,3.17805383,0,0
131,Bushwick Av-Aberdeen St (L),1759.45785,7.473329196,0,61.67,0.999999,6.736966958,10.31450389,1.940065874,1.386294361,1.53278865,25,25,1,3.258096538,0,12.1388714,-1.362291189,1738.959381,-6.617807744,0,0,0,0,0,1,0,0,0,0,1,0,1,2.397895273,20.47535686,18.24994518,2.833213344,2,4
91,"Alabama Av (J,Z)",1300.866715,7.171554448,0,36,0.666666222,7.303170051,10.09765533,2.084233802,1.791759469,1.416677725,26,26.38,2,3.295836866,0,29.47801393,-0.243551959,1319.741055,8.036892322,0,0,0,0,0,1,0,0,0,0,1,0,1,2.302585093,24.04471948,21.21751614,1.791759469,0,1
297,215 St (1),1625.478834,7.394172733,0,46.33,0.999999,7.340186835,10.53065517,2.047247853,2.772588722,2.457203617,33,33,1,3.526360525,0,8.047234247,-1.332213627,2888.567517,-66.93206076,0,0,0,0,0,0,1,0,0,0,1,0,1,2.564949357,13.79923143,10.36677958,2.63905733,0,0
255,169 St (F),5545.630382,8.620945884,0,39.67,0.79999936,8.804024902,10.69808511,1.877374708,1.791759469,2.030605206,36,36,1,3.610917913,0,19.43092149,-1.573902103,4635.97663,-29.27897091,0,0,0,0,0,0,0,1,0,0,1,0,1,3.951243719,36.17227321,32.17856145,0,4,4
62,55 St (D),1395.530842,7.24174647,0,35,0.49999975,9.082393358,10.93791681,1.896922809,1.098612289,3.364953576,39,39,1,3.688879454,0,35.63320977,-0.501756137,4785.14784,90.67561269,0,0,0,0,0,1,0,0,0,0,1,0,1,2.197224577,25.24628918,17.15650086,0,0,1
217,"170 St (B,D)",3495.997158,8.159659924,0,42.33,0.666666222,8.236420527,11.51566172,2.081559651,0.693147181,2.370644323,31,31,1,3.465735903,0,15.77668782,-0.772409006,8295.510616,-24.10165263,1,0,0,0,1,0,0,0,0,0,0,0,1,2.944438979,17.56979345,15.35226851,3.218875825,2,4
358,"Newkirk Av-Little Haiti (2,5)",4822.976234,8.481353812,0,56.33,0.999999,7.669961995,11.0050455,1.482675414,1.609437912,1.676901977,41,42,2,3.737669618,0,13.85128981,-0.225468282,4572.777782,37.8363028,0,0,0,0,0,1,0,0,0,0,1,0,1,2.833213344,23.70056041,20.5111594,1.791759469,0,1
372,Longwood Av (6),2259.832305,7.723488301,0,45.33,0.999999,8.783549477,10.77760121,2.186467943,2.302585093,2.453037146,28,28,1,3.36729583,0,46.1,-0.51958042,3922.118078,-71.2368438,1,0,0,1,0,0,0,0,0,1,0,0,1,2.63905733,21.36132509,17.42158272,2.833213344,0,0
363,Westchester Sq-E Tremont Av (6),2566.653362,7.850747672,0,41.33,0.666666222,8.915566546,9.967353973,2.12455464,1.791759469,2.434182407,39,39,1,3.688879454,0,36.32551531,0.284166676,2378.32528,182.9423336,1,0,0,0,1,0,0,0,0,0,0,0,1,2.708050201,38.07437956,34.04566797,0,0,1
248,Avenue N (F),2090.69261,7.645728878,0,40,0.666666222,8.321421587,10.63407502,1.744078013,1.386294361,2.568138455,43,43,1,3.784189634,0,15.96279831,-0.195011277,2733.94295,76.33240893,0,0,0,0,0,1,0,0,0,0,1,0,1,2.197224577,33.65036022,24.81198379,0,4,4
292,Fulton St (G),4529.588292,8.418607076,0,35.67,0.666666222,9.052047793,10.88138125,1.940454696,4.143134726,2.329378659,17.5,17.5,1,2.917770732,0,9.205791096,-0.158089915,4368.767555,102.8810922,0,0,0,0,0,1,0,0,0,0,1,0,1,2.890371758,8.858368514,7.199142463,3.33220451,0,0
387,170 St (4),4496.430576,8.41126153,0,43,0.666666222,7.905441649,11.51940443,2.065993428,1.609437912,2.217304106,28.75,28.75,1,3.392829132,0,18.53900886,-1.136179984,5855.820432,-83.79934833,1,0,0,1,0,0,0,0,0,1,0,0,1,2.890371758,15.58662371,12.74917818,3.295836866,0,0
379,Mosholu Pkwy (4),5111.977746,8.539537243,0,41.33,0.666666222,8.698180525,10.73020363,2.092947217,2.397895273,2.250969593,42,42,1,3.761200116,0,36.7,0.312237762,3158.579004,8.857480182,1,0,0,0,1,0,0,0,0,0,0,0,1,2.833213344,20.22998737,16.71416448,3.044522438,0,0
266,"Elmhurst Av (M,R)",8889.776306,9.092769648,0,55.67,0.999999,8.366370302,11.28801786,1.953184448,2.48490665,2.169884003,25,25.25,2,3.258096538,0,16.03036302,-0.586076653,10729.28974,650.0174543,0,0,0,0,0,0,0,1,0,0,1,0,1,3.218875825,19.94733751,14.68346612,3.17805383,0,0
3,"30 Av (N,W)",10034.60002,9.213894053,0,46,0.666666222,8.559486104,10.93510497,1.800589606,2.302585093,1.913093639,20,20.12,2,3.044522438,0,7.064518836,-1.125960034,4286.099278,16.15345618,0,0,0,0,0,0,0,1,0,0,1,0,1,2.48490665,15.916167,13.57205892,3.091042453,0,0
214,"182-183 Sts (B,D)",2871.285377,7.962863291,0,41.67,0.999999,8.692154394,11.55588916,2.115071621,1.098612289,2.228143818,36,36,1,3.610917913,0,32.5985867,-0.60874452,9948.836087,27.95477184,1,0,0,1,0,0,0,0,0,1,0,0,1,3.044522438,18.1009256,14.99703876,3.17805383,2,4
101,"Marcy Av (M,J,Z)",9079.049468,9.11383492,0,68.67,0.999999,9.369904942,11.25040419,1.950228821,2.890371758,3.093779147,13.5,14,3,2.674148649,0,24.49245798,-2.122652397,4792.644076,-40.86974648,0,0,0,0,0,1,0,0,0,0,1,0,1,2.772588722,13.78137725,9.934453883,3.091042453,1,0
367,St Lawrence Av (6),2473.508406,7.813797031,0,45.33,0.999999,8.04334217,11.02606048,1.830306643,0.693147181,1.989378602,35,35,1,3.583518938,0,36.32551531,0.284166676,4811.362051,-41.33689796,1,0,0,0,1,0,0,0,0,0,0,0,1,2.833213344,29.69173345,24.97056643,0,0,1
151,"145 St (A,C,B,D)",15651.16824,9.658364732,0,49.67,0.999999,7.693937326,11.51495341,1.920020087,3.583518938,2.046657456,15,19.5,4,2.772588722,0,20.33967339,-0.375284183,8563.461699,125.2204169,0,0,0,0,0,0,1,0,0,0,1,0,1,2.772588722,8.52634343,6.430808251,3.33220451,0,0
154,"116 St (C,B)",4606.427129,8.435424874,0,45.33,0.666666222,9.049819445,11.34169814,1.832761556,3.931825633,2.693880134,14.5,16,2,2.740840024,0,16.82694644,-0.856019356,8614.248074,-19.09465632,0,0,0,0,0,0,1,0,0,0,1,0,1,3.091042453,8.044229994,6.525451356,2.995732274,0,0
188,"Euclid Av (A,C)",7029.331035,8.857989073,0,72.33,0.999999,7.45007957,10.88902446,1.792982036,1.098612289,1.798526636,38.5,42.75,2,3.676300672,0,19.84835363,-0.683564242,3930.921563,80.39913823,0,0,0,0,0,1,0,0,0,0,1,0,1,2.302585093,25.5701117,21.71201189,0,0,1
70,Bay 50 St (D),1906.832668,7.553723148,0,32,0.49999975,7.706612914,10.13765017,1.933273135,1.386294361,1.881402225,53,53,1,3.988984047,0,29.18726096,-0.792703608,1393.213164,-19.32335556,0,0,0,0,0,1,0,0,0,0,1,0,1,2.564949357,34.69227167,31.05157891,0,0,1
427,"West Farms Sq-E Tremont Av (2,5)",3228.187954,8.079985977,0,65,0.999999,8.307705967,10.6990108,1.995208127,0.693147181,1.961343049,38.5,38.5,1,3.676300672,0,36.7,0.312237762,3926.717724,29.84687851,1,0,0,0,1,0,0,0,0,0,0,0,1,2.944438979,24.45045069,20.87946061,2.63905733,0,0
81,111 St (J),1650.770924,7.409603279,0,35,0.666666222,8.187021067,10.4400394,1.669143891,2.079441542,1.821425681,41.5,41.5,1,3.749504076,0,8.363926433,-0.789575904,2244.116212,10.04472493,0,0,0,0,0,0,0,1,0,0,1,0,1,2.708050201,37.36994819,31.47326519,0,0,1
344,Kingston Av (3),3181.817489,8.065522086,0,39,0.666666222,8.005367067,11.10388899,1.698246359,2.397895273,2.344165915,33.5,33.88,2,3.540959324,0,17.29106152,-0.56473802,4416.50147,298.2042147,0,0,0,0,0,1,0,0,0,0,1,0,1,2.833213344,16.63958394,14.05081312,3.258096538,0,0
72,Fort Hamilton Pkwy (N),4945.477927,8.506431072,0,35.33,0.666666222,8.808070155,10.81361936,1.58406075,0.693147181,2.846684106,38,44.5,2,3.663561646,0,27.98047262,-0.484032673,2703.011663,-127.2570747,0,0,0,0,0,1,0,0,0,0,1,0,1,3.401197382,29.36697889,21.73985904,0.693147181,0,1
244,Ditmas Av (F),2993.049831,8.004382208,0,40.33,0.666666222,9.109967398,11.02088888,1.760046377,1.098612289,2.882211408,36.75,36.75,1,3.630985476,0,19.94234906,-1.519307943,4898.821428,61.33359099,0,0,0,0,0,1,0,0,0,0,1,0,1,2.63905733,24.58324108,19.45421083,2.197224577,2,4
76,Bay Pkwy (N),5045.586115,8.526467277,0,35.33,0.666666222,7.890956716,10.94344619,1.345291655,1.386294361,2.293253697,45,51.25,2,3.828641396,0,16.19308234,-0.370237502,4626.889417,-50.05427085,0,0,0,0,0,1,0,0,0,0,1,0,1,2.197224577,29.64605459,22.16428724,0,0,1
39,Bay Ridge-95 St (R),4079.783019,8.314044165,0,36.33,0.666666222,9.051813464,10.43432166,1.707979323,1.098612289,1.840882781,54,54,1,4.007333185,0,12.01444234,-0.75673843,4123.783433,-33.2009917,0,0,0,0,0,1,0,0,0,0,1,0,1,4.234106505,48.85695891,42.58754045,2.833213344,0,0
155,"Cathedral Pkwy (110 St) (C,B)",5360.755987,8.58704681,0,46,0.999999,8.811056123,11.34171001,1.432772433,3.526360525,2.701212123,13,14.5,2,2.63905733,0,18.53269275,-1.137169792,6777.128225,88.23094598,0,0,0,0,0,0,1,0,0,0,1,0,1,2.995732274,7.746170817,5.834846448,2.890371758,0,0
603,"149 St-Grand Concourse (2,4,5)",6980.165518,8.850971161,0,45.33,0.999999,8.884610232,10.55458803,2.187884226,2.564949357,2.414470503,21,21.25,3,3.091042453,0,36.7,0.312237762,907.1139353,20.73267257,1,0,0,1,0,0,0,0,0,1,0,0,1,3.091042453,15.89691312,12.99949993,2.833213344,2,4
249,Avenue P (F),1863.310111,7.53064635,0,40,0.666666222,8.480114183,10.8129752,1.458648631,1.386294361,2.44267706,44.5,44.5,1,3.817712326,0,24.23460396,0.449501619,2968.839436,-45.13401267,0,0,0,0,0,1,0,0,0,0,1,0,1,2.48490665,32.24923018,24.07442938,0,4,4
375,Cypress Av (6),1833.398283,7.514471795,0,46.33,0.999999,8.126813721,10.36394577,1.857940905,0.693147181,2.358047279,24,24,1,3.218875825,0,46.1,-0.51958042,4839.611616,-21.69051187,0,0,0,0,0,0,0,0,0,0,1,0,1,2.48490665,13.94773058,10.29317857,2.833213344,0,0
247,Bay Pkwy (F),949.877298,6.85738503,0,39.67,0.666666222,7.916078096,10.3434829,1.660066911,0,2.788698057,41.5,41.5,1,3.749504076,0,28.59093388,-0.556199849,1213.677429,12.74923657,0,0,0,0,0,1,0,0,0,0,1,0,1,1.791759469,35.3006602,26.45011212,0,2,1
194,111 St (A),1633.012941,7.398794195,0,21.33,0.444444247,8.30201781,10.62898091,1.119616448,0,1.725201132,49,49,1,3.912023005,0,13.63615571,-0.704043949,3045.744436,-61.63143179,0,0,0,0,0,0,0,1,0,0,1,0,1,2.772588722,42.99322836,35.36166801,0,0,1
55,"Brighton Beach (B,Q)",8323.772375,9.026990972,0,52.33,0.999999,9.165970424,10.75651894,1.879936956,1.945910149,2.737522269,41,43.5,2,3.737669618,0,29.73851779,-1.019259931,5514.577618,-52.95488116,0,0,0,0,0,1,0,0,0,0,1,0,1,1.945910149,27.89171739,24.22300657,0,0,1
376,Brook Av (6),3443.199262,8.144446722,0,46.67,0.999999,8.418477218,10.84022776,2.113769537,2.197224577,2.456694328,23,23,1,3.17805383,0,46.1,-0.51958042,7101.817796,62.02788588,0,0,0,0,0,0,0,0,0,0,1,0,1,2.564949357,13.57384614,10.13742542,3.044522438,0,0
606,"Court Sq-23 St (7,E,F,G)",18883.9059,9.846118252,0,36.33,0.666666222,9.15641203,9.745839096,2.038952927,2.772588722,1.632559854,0,0,4,0,0,11.2610959,1.620142354,2000.61937,216.5164635,0,0,0,0,0,0,0,1,0,0,1,0,1,2.708050201,9.764146126,7.836695833,3.17805383,2,4
291,Clinton-Washington Avs (G),3930.457184,8.276765421,0,35.67,0.999999,8.915566546,10.9363873,1.961097941,4.189654742,2.391394393,16.5,16.5,1,2.862200881,0,7.106017835,-0.73922844,4280.663278,45.43937613,0,0,0,0,0,1,0,0,0,0,1,0,1,2.995732274,11.78393915,9.567691623,2.995732274,0,0
186,Van Siclen Av (C),1788.456338,7.489667131,0,30.33,0.49999975,7.049254841,10.63681652,1.906255828,1.791759469,1.48973803,43,43,1,3.784189634,0,14.14117379,-2.031955077,3215.895988,18.01708633,0,0,0,0,0,1,0,0,0,0,1,0,1,2.63905733,27.03747671,22.16346403,0,0,1
141,Park Pl (S),1146.151851,7.045037498,0,36,0.39999984,7.612336837,11.00895959,1.89618407,3.044522438,1.871455532,,,,0,1,14.26926425,-0.682505874,5268.157017,-20.51049939,0,0,0,0,0,1,0,0,0,0,1,0,1,2.63905733,10.62271964,8.903848599,3.258096538,0,0
235,York St (F),10216.07807,9.23181592,0,41.33,0.666666222,9.3983126,10.30112208,2.063582088,3.63758616,2.557816197,16,16,1,2.833213344,0,16.62349477,-1.255883001,2854.404946,-14.05687421,0,0,0,0,0,1,0,0,0,0,1,0,1,2.772588722,7.197319597,6.038196401,3.218875825,4,4
33,45 St (R),5699.981011,8.648393546,0,39.33,0.666666222,9.071882579,10.80782715,1.808706404,2.302585093,2.713936063,43.5,43.5,2,3.795489189,0,22.15165701,-0.507016186,4777.044216,-110.983293,0,0,0,0,0,1,0,0,0,0,1,0,1,2.772588722,17.56015202,10.93418027,3.218875825,0,0
334,"Clark St (2,3)",4925.591618,8.502402673,0,75.33,0.999999,9.539716059,10.59698467,2.029496202,3.784189634,2.547203546,16.5,16.5,2,2.862200881,0,5.912751747,-0.860779696,8046.729706,79.67282419,0,0,0,0,0,1,0,0,0,0,1,0,1,2.772588722,5.7638899,4.43709193,3.33220451,0,0
120,Bedford Av (L),24743.20398,10.11634656,0,68.33,0.999999,9.163039099,10.80102351,2.058452854,2.708050201,2.161523234,7.5,7.5,1,2.140066163,0,14.69996214,0.551739275,3546.47728,62.80294591,0,0,0,0,0,1,0,0,0,0,1,0,1,2.564949357,9.423212889,7.692502839,3.496507561,3,4
100,"Hewes St (M,J)",1945.423803,7.57374902,0,60,0.999999,9.182043773,11.2505342,1.91344391,2.63905733,3.165981644,20,20,1,3.044522438,0,22.0978115,-2.47433802,5009.700713,-31.56576864,0,0,0,0,0,1,0,0,0,0,1,0,1,2.890371758,14.02862339,10.14761003,3.044522438,0,0
380,Bedford Park Blvd-Lehman College (4),3683.697992,8.211943845,0,41.67,0.79999936,7.416378479,11.06018005,1.774461782,2.397895273,2.069319199,39.75,39.75,1,3.70745584,0,36.32551531,0.284166676,3161.788236,106.2519055,1,0,0,1,0,0,0,0,0,1,0,0,1,2.995732274,16.58860185,14.21104052,3.258096538,0,0
425,"Bronx Park East (2,5)",1506.366534,7.31811939,0,42.67,0.666666222,8.210668031,10.37757658,1.908385811,1.386294361,1.888667144,39,41,2,3.688879454,0,36.7,0.312237762,2018.62586,3.514872968,1,0,0,0,1,0,0,0,0,0,0,0,1,2.772588722,31.86271954,26.87609626,0,0,1
312,79 St (1),10515.42979,9.260694055,0,52.33,0.999999,8.967249183,11.39039618,1.850500444,4.158883083,2.484426068,8.5,8.5,1,2.251291799,0,6.280315514,-0.009032638,9500.386235,123.3390761,0,0,0,0,0,0,1,0,0,0,1,0,1,2.708050201,6.840762101,5.154164931,2.890371758,0,0
604,"161 St-Yankee Stadium (4,B,D)",17504.653,9.770279136,0,42.67,0.666666222,8.554296279,10.97635459,2.172833531,1.791759469,2.228629972,24.25,25.62,2,3.228826156,0,19.24683864,-0.422377419,2167.307645,111.1041152,1,0,0,1,0,0,0,0,0,1,0,0,1,2.995732274,15.87898357,13.46364646,3.295836866,2,4
193,104 St (A),1269.104802,7.146854697,0,21.33,0.363636231,8.181440696,10.36220903,1.345960758,0,1.766964597,47.5,47.5,1,3.881563798,0,19.09517314,0.005943508,2657.977814,-5.827455071,0,0,0,0,0,0,0,1,0,0,1,0,1,2.890371758,41.38298431,33.91495576,0,0,1
61,50 St (D),2538.286768,7.839638521,0,34.33,0.666666222,9.02569612,11.11265683,1.611262735,0.693147181,3.361528027,37.25,37.25,1,3.64414356,0,37.05302478,0.199399187,4757.258724,10.39200519,0,0,0,0,0,1,0,0,0,0,1,0,1,2.079441542,22.4959367,14.82858726,0,0,1
41,"7 Av (B,Q)",7446.334664,8.915611484,0,53.67,0.999999,8.240385116,10.95063109,1.672839702,3.36729583,2.054093061,21,21.62,2,3.091042453,0,5.394522574,-0.226660559,4890.847411,271.1705748,0,0,0,0,0,1,0,0,0,0,1,0,1,2.772588722,7.227429738,6.044484809,3.135494216,0,0
146,181 St (A),6179.13395,8.729095225,0,42.67,0.666666222,9.144414222,11.39201128,2.012903455,3.663561646,2.51625284,22,22,1,3.135494216,0,8.423939343,-1.175875151,9524.917616,50.29755927,0,0,0,0,0,0,1,0,0,0,1,0,1,2.63905733,11.88885649,8.226501018,2.890371758,0,0
284,Nassau Av (G),6954.974233,8.847356171,0,36,0.666666222,9.111514018,10.43013731,2.067945223,2.63905733,2.235779974,5.25,5.25,1,1.832581464,0,5.801746345,-0.500175355,3186.128666,39.89314461,0,0,0,0,0,1,0,0,0,0,1,0,1,2.079441542,11.82136351,9.994374404,3.401197382,0,0
264,"Woodhaven Blvd (M,R)",13554.8984,9.514577038,0,55.33,0.999999,9.28424118,10.92951123,1.905804737,1.386294361,2.285476774,28.5,28.75,2,3.384390263,0,10.51291723,-0.431377406,2855.049235,-6.926217144,0,0,0,0,0,0,0,1,0,0,1,0,1,3.33220451,23.92928898,20.54641907,2.48490665,0,0
69,25 Av (D),3088.780721,8.035855403,0,34,0.49999975,7.738923757,10.81458482,1.413561873,1.386294361,2.089999841,50.5,50.5,1,3.941581808,0,19.23645668,0.885007701,3185.991468,184.5599866,0,0,0,0,0,1,0,0,0,0,1,0,1,2.397895273,28.15299228,23.59859978,0,0,1
265,"Grand Av-Newtown (M,R)",12980.76929,9.47130129,0,56,0.999999,8.753529337,10.93178467,1.974951218,2.197224577,1.974121489,26.5,26.75,2,3.314186005,0,11.51054736,-0.94198022,3883.970138,52.55720902,0,0,0,0,0,0,0,1,0,0,1,0,1,3.433987204,23.64142403,18.53684262,2.708050201,0,0
65,79 St (D),4432.119436,8.396858777,0,34,0.666666222,8.383433201,10.84226358,1.330738601,1.609437912,2.212858919,44.5,44.5,1,3.817712326,0,15.42448702,-0.667657502,4168.827886,-40.17428987,0,0,0,0,0,1,0,0,0,0,1,0,1,2.397895273,33.15215831,26.16937441,0,0,1
279,"Sutphin Blvd-Archer Av-JFK Airport (E,J,Z)",20143.23561,9.910673452,0,75.67,0.999999,8.512381634,10.41322258,2.190964098,2.079441542,1.860240645,33,45,3,3.526360525,0,17.67279545,-0.377111315,2148.29704,33.83439222,0,0,0,0,0,0,0,1,0,0,1,0,1,3.610917913,38.8270293,32.73372044,0,0,1
304,145 St (1),6410.277758,8.765813868,0,47,0.666666222,7.603897969,11.19261,1.959170676,3.526360525,1.989288968,21,21,1,3.091042453,0,28.07058893,-0.187988419,7027.79708,25.71555785,0,0,0,0,0,0,1,0,0,0,1,0,1,2.890371758,7.201325651,5.45883332,3.091042453,0,0
147,175 St (A),7329.712325,8.89982797,0,42,0.666666222,9.304285985,11.35063004,1.921867591,3.526360525,2.646709394,20.5,20.5,1,3.068052935,0,17.06295001,-0.993224135,7272.499807,-7.197589068,0,0,0,0,0,0,1,0,0,0,1,0,1,2.708050201,12.52815209,8.248493634,2.772588722,0,0
75,20 Av (N),3157.792513,8.057945118,0,35,0.666666222,7.997326823,10.80782715,1.609829002,1.386294361,2.441770397,43.5,49.75,2,3.795489189,0,23.0103229,-0.133732354,3533.758439,-125.3028906,0,0,0,0,0,1,0,0,0,0,1,0,1,2.079441542,30.47780633,22.44411572,0,0,1
144,Dyckman St (A),4287.628991,8.363722378,0,41.67,0.999999,7.342131731,11.08052586,1.612953253,2.708050201,2.446630046,26.5,26.5,1,3.314186005,0,11.60027985,-1.263641424,6174.348492,-28.58420816,0,0,0,0,0,0,1,0,0,0,1,0,1,2.397895273,11.66694685,8.515953798,2.833213344,0,0
45,Beverley Rd (Q),2752.405479,7.920593781,0,38.33,0.666666222,8.245909265,11.09668248,1.77231946,2.944438979,1.981081564,28.5,28.5,1,3.384390263,0,10.5244886,-0.73323358,2671.00531,-84.17832731,0,0,0,0,0,1,0,0,0,0,1,0,1,2.772588722,16.48929058,14.06930717,3.044522438,0,0
426,"E 180 St (2,5)",5687.194364,8.646148142,0,79.33,0.999999,8.096208272,10.50174696,2.129864101,1.386294361,1.930796196,35.5,38,2,3.597312261,0,36.7,0.312237762,1335.430215,-9.022582292,1,0,0,0,1,0,0,0,0,0,0,0,1,2.772588722,27.21996782,22.64421854,1.791759469,0,0
300,191 St (1),5273.958454,8.570726082,0,47,0.999999,7.992944547,11.36120683,1.880147296,3.258096538,2.454908505,29,29,1,3.401197382,0,15.77668782,-0.772409006,12283.05992,-154.5629012,0,0,0,0,0,0,1,0,0,0,1,0,1,2.833213344,11.74149112,7.901850276,2.995732274,0,0
237,"Carroll St (F,G)",8869.807632,9.090521123,0,76.67,0.999999,8.616495392,10.63127768,2.093869323,3.091042453,2.634421745,22.5,23.25,2,3.157000421,0,10.31466346,0.328803005,3857.947238,49.06435902,0,0,0,0,0,1,0,0,0,0,1,0,1,3.135494216,8.542423067,6.81423648,2.995732274,3,4
89,Cleveland St (J),1388.30491,7.236558837,0,34.33,0.666666222,7.026426809,10.57943771,1.793749947,1.945910149,1.38459484,29.75,29.75,1,3.425889994,0,22.6185808,-0.326383156,4168.880833,128.0539565,0,0,0,0,0,1,0,0,0,0,1,0,1,2.564949357,25.09455417,22.10170712,0,0,1
351,Van Siclen Av (3),1624.314344,7.393456519,0,39.67,0.666666222,7.096721378,10.74453736,1.635252754,1.386294361,1.672468728,41.5,45.75,4,3.749504076,0,19.881879,-0.948516715,3724.108741,-6.415733313,0,0,0,0,0,1,0,0,0,0,1,0,1,2.397895273,23.58558797,19.25539739,0,0,1
236,"Bergen St (F,G)",8518.586176,9.050123048,0,76,0.999999,9.525151112,10.93647629,1.899887222,3.610917913,2.510218079,20.5,21.25,2,3.068052935,0,7.387200787,-0.299107871,3874.520355,321.068689,0,0,0,0,0,1,0,0,0,0,1,0,1,2.772588722,7.218125718,5.659007174,3.36729583,3,4
245,18 Av (F),2542.006713,7.841102405,0,39.67,0.999999,8.694837159,10.77455077,1.596347094,0.693147181,3.035598194,39,39,1,3.688879454,0,30.59392101,-0.730818905,4940.962448,58.95673418,0,0,0,0,0,1,0,0,0,0,1,0,1,2.708050201,30.59463738,23.74997077,0.693147181,2,4
356,"Church Av (2,5)",6251.356797,8.740713759,0,57,0.999999,8.603554357,10.93013828,2.080210391,2.079441542,1.980133008,37,38,2,3.63758616,0,24.91083037,-0.394010918,5494.310543,22.16675489,0,0,0,0,0,1,0,0,0,0,1,0,1,2.708050201,19.47069214,16.83110323,3.218875825,0,0
111,Seneca Av (M),2105.812893,7.652931607,0,36.33,0.666666222,8.062432792,11.1507497,1.692141624,2.63905733,2.140707744,32.5,32.5,1,3.511545439,0,10.53145253,-1.567963764,7052.324733,25.74588197,0,0,0,0,0,0,0,1,0,0,1,0,1,2.890371758,20.71976807,18.1188109,3.258096538,1,0
204,Beach 67 St (A),1529.5306,7.333369752,0,20.67,0.49999975,7.250635512,9.724839241,1.889249526,0,1.67775279,64.5,64.5,1,4.182050143,0,21.04241714,-0.061401759,2242.119114,95.53668189,0,0,0,0,0,0,0,1,0,0,1,0,1,2.197224577,56.22284157,51.12539918,0,2,1
455,69 St (7),4392.923863,8.387977925,0,44.67,0.666666222,8.142063283,10.96164236,1.957986085,2.564949357,2.247906682,,,,0,1,12.77596704,-1.16486988,4140.930984,-96.95108836,0,0,0,0,0,0,0,1,0,0,1,0,1,2.48490665,22.48436148,17.07670998,3.258096538,0,0
88,"Norwood Av (J,Z)",1548.587143,7.345743815,0,33.67,0.666666222,7.209340257,10.55947789,1.698249831,2.197224577,1.47812106,29.5,30.5,2,3.417726684,0,13.89677441,-1.282638741,3639.699009,83.82729484,0,0,0,0,0,1,0,0,0,0,1,0,1,2.197224577,26.11658184,22.90555337,0,0,1
149,163 St-Amsterdam Av (C),2679.987179,7.893940356,0,30.33,0.49999975,7.567862605,11.25767186,1.816616926,3.401197382,2.565810666,23,23,1,3.17805383,0,23.96175698,-1.271834134,9859.476664,1.510350855,0,0,0,0,0,0,1,0,0,0,1,0,1,2.890371758,11.32122899,7.413439054,3.218875825,0,0
152,"135 St (C,B)",3785.780056,8.239271347,0,45.67,0.999999,8.146998697,11.45015604,1.979796837,3.871201011,2.173272088,17.5,19,2,2.917770732,0,17.69592411,-0.655701152,2752.578852,36.1415691,0,0,0,0,0,0,1,0,0,0,1,0,1,2.944438979,9.154113467,7.296070852,3.258096538,0,0
71,8 Av (N),8028.686139,8.99090072,0,35,0.666666222,8.263590433,10.9250568,1.915274417,0,2.80357842,36.5,43,2,3.624340933,0,28.38430022,-0.904846177,1853.90026,11.89293899,0,0,0,0,0,1,0,0,0,0,1,0,1,3.433987204,23.21290417,15.03033109,2.397895273,0,0
158,"86 St (C,B)",8421.418723,9.038652325,0,45.33,0.999999,8.622453702,11.06150018,1.628810765,3.610917913,2.290253724,8.5,10,2,2.251291799,0,6.122495,0.041113136,5047.412911,12.01789719,0,0,0,0,0,0,1,0,0,0,1,0,1,3.63758616,7.00239506,4.74583558,2.397895273,0,0
295,231 St (1),6068.436623,8.711021066,0,45.67,0.999999,7.997326823,10.92967251,2.04220241,1.386294361,2.033462965,36,36,1,3.610917913,0,36.32551531,0.284166676,4397.436036,-69.40950966,1,0,0,1,0,0,0,0,0,1,0,0,1,2.833213344,24.60741805,20.40548322,3.091042453,0,0
354,"Sterling St (2,5)",4067.635704,8.311063014,0,56,0.999999,7.970394907,11.01552597,1.693133113,2.772588722,2.24789229,33.5,34.25,2,3.540959324,0,18.83230637,-0.670528001,3691.471347,-152.474065,0,0,0,0,0,1,0,0,0,0,1,0,1,2.564949357,16.46004002,13.91547872,3.135494216,0,0
98,"Flushing Av (M,J)",5355.548016,8.58607502,0,60,0.999999,8.379079889,10.99492416,2.116570087,2.079441542,2.369464829,23,23,1,3.17805383,0,30.58253691,0.47568436,2741.252443,10.24324816,0,0,0,0,0,1,0,0,0,0,1,0,1,2.833213344,15.21393138,11.73307403,3.091042453,0,0
199,"Broad Channel (A,S)",209.7937228,5.350880038,0,43,0.666666222,7.00488199,7.333676396,1.343161099,0,1.264184965,0,0,1,0,0,2.6,-0.241258741,211.1246201,2.040180969,0,0,0,0,0,0,0,1,0,0,1,0,1,2.079441542,51.0287677,47.78499607,0,0,1
359,"Flatbush Av-Brooklyn College (2,5)",13072.46825,9.478340131,0,56,0.666666222,8.435766193,10.80486767,1.49641511,1.609437912,1.797513653,43,44,2,3.784189634,0,13.32394577,-0.861170421,3603.847502,270.1341472,0,0,0,0,0,1,0,0,0,0,1,0,1,2.890371758,30.96972507,26.68324807,0,0,1
110,Forest Av (M),3251.764937,8.087260664,0,36,0.666666222,8.308938253,11.08229638,1.480769351,2.772588722,2.071829073,34,34,1,3.555348061,0,16.21704574,-0.61839447,4963.21327,-25.49379574,0,0,0,0,0,0,0,1,0,0,1,0,1,2.944438979,27.61551689,23.98611763,3.258096538,1,0
272,"36 St (M,R)",2685.979076,7.896172821,0,51,0.666666222,8.880029117,9.813781639,1.995230473,2.48490665,1.929135484,15,15,2,2.772588722,0,11.06355752,-0.163925164,824.1482233,26.88451457,0,0,0,0,0,0,0,1,0,0,1,0,1,2.63905733,12.83267323,10.03566085,2.833213344,0,0
43,Parkside Av (Q),4463.658563,8.403948021,0,39,0.666666222,7.563200592,11.01089439,1.539043466,2.772588722,1.655586226,25.5,25.5,1,3.277144733,0,12.77492018,-0.67681157,5784.091265,11.67512086,0,0,0,0,0,1,0,0,0,0,1,0,1,2.772588722,12.42399498,10.19006017,2.995732274,0,0
180,Kingston-Throop Avs (C),4734.070513,8.462751897,0,30.67,0.49999975,8.105307516,11.00019803,1.941202646,2.833213344,1.705054895,32,32,1,3.496507561,0,14.92361612,-0.612986847,4297.271874,91.5560424,0,0,0,0,0,1,0,0,0,0,1,0,1,2.772588722,15.06291663,13.34467244,3.258096538,0,0
386,Mt Eden Av (4),3081.630201,8.033538473,0,43,0.666666222,7.921535632,11.48369231,2.10712115,0.693147181,2.255358253,30.25,30.25,1,3.442019376,0,18.53900886,-1.136179984,5754.092414,14.9709077,1,0,0,1,0,0,0,0,0,1,0,0,1,2.833213344,18.92289308,15.42080457,3.33220451,0,0
240,"7 Av (F,G)",8977.216316,9.102556513,0,77,0.999999,8.524168805,10.81225002,1.553368212,3.135494216,2.24373688,28.5,29.25,2,3.384390263,0,4.69561357,-0.093767192,4646.701258,-13.87106057,0,0,0,0,0,1,0,0,0,0,1,0,1,2.302585093,9.862840561,8.439040485,2.995732274,0,0
258,"Briarwood (E,F)",3622.088292,8.195082061,0,60.33,0.999999,8.506940815,10.56137018,1.861889769,1.386294361,1.787773059,30.5,30.5,1,3.449987546,0,13.96800099,-0.137645085,1290.082117,7.854252461,0,0,0,0,0,0,0,1,0,0,1,0,1,3.583518938,34.27426429,30.9959575,0,0,1
347,Saratoga Av (3),3154.713836,8.056970005,0,40,0.666666222,7.952966791,10.80519243,1.856215003,0.693147181,2.000788942,35.5,39.75,4,3.597312261,0,28.3665114,0.212200278,3691.1472,-41.2103705,0,0,0,0,0,1,0,0,0,0,1,0,1,2.63905733,21.92674482,18.20004077,0,0,1
126,Jefferson St (L),6129.923137,8.721100611,0,67.33,0.999999,8.957381736,10.63614387,1.780938828,1.945910149,2.275463772,16.5,16.5,1,2.862200881,0,31.58490587,0.936583714,2549.535232,-22.90401841,0,0,0,0,0,1,0,0,0,0,1,0,1,2.708050201,14.27405694,12.22018932,2.995732274,2,4
260,"75 Av (E,F)",2400.909712,7.784019413,0,59.67,0.999999,9.114710141,10.26872077,1.800229028,1.386294361,1.643870968,26.5,26.5,1,3.314186005,0,6.785908821,-0.047002392,6065.751431,26.1816102,0,0,0,0,0,0,0,1,0,0,1,0,1,3.135494216,26.80762399,22.24214406,0,0,1
49,Avenue J (Q),3910.300919,8.271625314,0,39,0.666666222,8.782476269,10.62743063,1.495423836,1.945910149,2.397219833,33.5,33.5,1,3.540959324,0,16.55363134,-0.926424281,3428.380702,16.37091475,0,0,0,0,0,1,0,0,0,0,1,0,1,2.63905733,34.58836793,28.16609985,0,0,1
130,Wilson Av (L),3053.686925,8.024432387,0,62,0.999999,6.65415252,10.36100733,1.635352806,1.609437912,1.757087379,23.5,23.5,1,3.198673118,0,23.02099708,-0.910086709,2544.350479,29.8319276,0,0,0,0,0,1,0,0,0,0,1,0,1,2.197224577,23.04581699,19.03876174,2.63905733,2,4
159,"81 St-Museum of Natural History (C,B)",10126.18777,9.222978945,0,45.33,0.666666222,8.812694613,10.95698043,1.705200468,3.737669618,2.467423336,7,8.5,2,2.079441542,0,8.397892701,0.097787943,1917.370293,54.23304279,0,0,0,0,0,0,1,0,0,0,1,0,1,3.663561646,7.334782402,5.394185634,2.772588722,0,0
432,"Prospect Av (2,5)",4109.270138,8.321244032,0,66,0.999999,8.41249912,11.16593207,1.961356802,2.302585093,2.549987364,28.5,28.5,1,3.384390263,0,46.1,-0.51958042,4381.404737,44.32177328,1,0,0,1,0,0,0,0,0,1,0,0,1,2.708050201,20.57664286,16.8684347,3.044522438,0,0
5,"36 Av (N,W)",4828.133104,8.482422249,0,46,0.666666222,8.829811749,10.46820459,2.15659135,2.63905733,2.048742419,16.5,16.5,2,2.862200881,0,10.96883652,-1.155442595,3833.454838,26.73139434,0,0,0,0,0,0,0,1,0,0,1,0,1,2.708050201,13.73289401,11.74005227,3.135494216,0,0
423,"Allerton Av (2,5)",2771.940977,7.927663761,0,42,0.666666222,7.826443135,10.80307963,1.627446841,1.098612289,1.958759375,44.75,46.12,2,3.823191792,0,30.36343184,-0.798639018,5293.412425,415.5976948,1,0,0,0,1,0,0,0,0,0,0,0,1,2.833213344,30.23035892,26.47828374,0,2,1
280,Jamaica-Van Wyck (E),3365.09688,8.121509156,0,39.33,0.666666222,8.347827346,10.4499602,2.053352087,0.693147181,1.948626826,30.5,30.5,1,3.449987546,0,15.33826721,-0.484979719,2223.052332,100.5111824,0,0,0,0,0,0,0,1,0,0,1,0,1,3.761200116,32.74417714,28.02791081,0,0,1
283,Greenpoint Av (G),7495.129898,8.922142153,0,35.33,0.666666222,8.86418137,10.15743185,2.008244233,2.48490665,2.299048631,4,4,1,1.609437912,0,8.632908952,-0.342971849,4557.396745,70.13184291,0,0,0,0,0,1,0,0,0,0,1,0,1,1.945910149,10.69644885,8.971794681,2.944438979,0,0
133,Atlantic Av (L),1310.704282,7.179082549,0,61.33,0.999999,7.583247524,10.343998,2.239936805,0.693147181,1.867073931,27.5,27.5,1,3.349904087,0,32.20689809,0.223512544,2236.371787,30.03111985,0,0,0,0,0,1,0,0,0,0,1,0,1,2.397895273,19.55517503,17.41547915,2.48490665,2,4
173,"High St (A,C)",6920.523403,8.842391169,0,73.67,0.999999,9.489637388,10.58096256,2.064518912,4.007333185,2.562230731,17,18.25,2,2.890371758,0,5.375620284,-1.769193912,3596.472793,61.74085089,0,0,0,0,0,1,0,0,0,0,1,0,1,2.772588722,5.766950972,4.610934248,3.36729583,0,0
77,Kings Hwy (N),4077.813075,8.313561312,0,35.33,0.666666222,8.005367067,10.87276914,1.5767079,1.098612289,2.138951352,47,53.25,2,3.871201011,0,19.91254167,0.173265094,4878.531662,39.52954821,0,0,0,0,0,1,0,0,0,0,1,0,1,2.079441542,30.21083711,23.13119062,0,0,1
369,Elder Av (6),3694.769533,8.214944075,0,45.33,0.666666222,7.711101252,10.89139172,2.106796245,0.693147181,1.934735573,32.5,32.5,1,3.511545439,0,36.32551531,0.284166676,7755.707744,-10.28264334,1,0,0,0,1,0,0,0,0,0,0,0,1,2.833213344,27.30257715,23.06642218,1.386294361,0,0
422,"Burke Av (2,5)",1720.819908,7.451137097,0,41.33,0.666666222,7.622174595,10.70864559,1.972000692,0.693147181,1.754356945,46.25,47.62,2,3.855452654,0,36.7,0.312237762,4631.601066,338.9217398,1,0,0,0,1,0,0,0,0,0,0,0,1,2.397895273,33.84513771,29.63246527,0.693147181,0,1
385,176 St (4),3295.020864,8.100471221,0,43.67,0.666666222,7.877017896,11.48615019,2.084467121,1.609437912,2.184085401,31.25,31.25,1,3.473518043,0,15.77668782,-0.772409006,6976.015589,-72.67601406,1,0,0,1,0,0,0,0,0,1,0,0,1,2.833213344,19.70395701,15.95025857,3.36729583,0,0
95,"Gates Av (J,Z)",4668.944485,8.448902463,0,34,0.666666222,7.544861069,11.01854717,1.635791743,1.791759469,1.689542503,20.5,20.75,2,3.068052935,0,21.9869136,-1.169635657,4067.006707,64.81736291,0,0,0,0,0,1,0,0,0,0,1,0,1,2.833213344,19.63837376,17.14109902,3.17805383,0,0
59,9 Av (D),3987.379415,8.291140266,0,35,0.39999984,8.399984991,10.57270058,1.388755239,1.609437912,2.979274906,33,33,1,3.526360525,0,10.68026128,-1.977133214,2512.779581,160.2804832,0,0,0,0,0,1,0,0,0,0,1,0,1,2.48490665,19.15239752,12.66284695,1.791759469,0,1
309,103 St (1),8875.611212,9.091175143,0,51.33,0.666666222,8.872627366,11.42449854,1.778581228,3.988984047,2.608295967,13.5,13.5,1,2.674148649,0,11.17588056,-0.142073008,9747.418407,-46.02289618,0,0,0,0,0,0,1,0,0,0,1,0,1,2.63905733,6.290750795,4.524943917,2.772588722,0,0
47,"Newkirk Plaza (B,Q)",7258.503024,8.890066651,0,53.33,0.999999,7.822044008,10.94132312,1.380552933,2.079441542,2.078692787,30.5,30.75,2,3.449987546,0,14.2950047,-0.495164896,2455.487653,-123.3527128,0,0,0,0,0,1,0,0,0,0,1,0,1,2.708050201,21.47979254,18.04920769,1.609437912,0,1
195,Ozone Park-Lefferts Blvd (A),4610.596093,8.4363293,0,21.33,0.39999984,8.429454277,10.73254143,0.77054551,0.693147181,1.509186863,50.5,50.5,1,3.941581808,0,13.11572484,-0.925399045,3785.147457,4.988421309,0,0,0,0,0,0,0,1,0,0,1,0,1,2.564949357,45.79966984,38.68679255,0,0,1
446,Morris Park (5),1864.098331,7.531069055,0,33.67,0.571428245,8.30474227,10.73081591,1.758197724,1.609437912,2.161812924,39.75,39.75,1,3.70745584,0,46.1,-0.51958042,3609.020698,-5.028265893,1,0,0,0,1,0,0,0,0,0,0,0,1,2.564949357,37.24316567,30.8282988,0,0,1
31,25 St (R),2667.441824,7.889249994,0,39,0.666666222,8.420682291,9.993373959,1.86232061,2.63905733,2.395446442,39,39,2,3.688879454,0,14.36375036,-0.93413595,3176.533276,23.32671808,0,0,0,0,0,1,0,0,0,0,1,0,1,2.995732274,17.27056985,12.97647533,2.772588722,0,0
441,"110 St-Malcolm X Plaza (2,3)",4913.069182,8.499857632,0,75,0.999999,8.58485184,11.27931482,1.467345043,3.555348061,2.465482792,12,12.25,2,2.564949357,0,21.62352118,-1.088722659,8521.647954,2.484612926,0,0,0,0,0,0,1,0,0,0,1,0,1,3.218875825,8.023480605,6.513684184,2.944438979,0,0
138,Canarsie-Rockaway Pkwy (L),2112.861817,7.656271798,0,57,0.999999,8.313852267,10.23516259,2.005137559,0.693147181,1.088839892,35.5,35.5,1,3.597312261,0,22.0736276,0.225684458,1620.275974,-32.47039374,0,0,0,0,0,1,0,0,0,0,1,0,1,2.564949357,39.34562674,32.42754782,0,1,1
238,"Smith-9 Sts (F,G)",3113.835752,8.043931702,0,76,0.999999,8.574518258,10.07521149,2.166324368,2.772588722,2.756509556,25.25,25.88,2,3.267665989,0,5.222542995,-0.120491457,451.2561923,-4.910128047,0,0,0,0,0,1,0,0,0,0,1,0,1,2.772588722,10.44319145,8.310702896,2.890371758,3,4
38,86 St (R),8620.412131,9.062004171,0,36.67,0.666666222,8.172164452,10.60688205,1.460767821,1.609437912,2.171245398,51.75,51.75,1,3.965563772,0,8.5122424,-1.078918036,3766.178286,72.21741983,0,0,0,0,0,1,0,0,0,0,1,0,1,3.295836866,27.91568906,23.81504068,2.995732274,0,0
429,"Freeman St (2,5)",2699.229136,7.901091914,0,65,0.999999,8.48714627,10.88183247,1.999037251,0.693147181,2.329559856,33.5,33.5,1,3.540959324,0,36.7,0.312237762,5397.202676,65.222048,1,0,0,0,1,0,0,0,0,0,0,0,1,2.708050201,23.21324747,18.7917406,3.091042453,0,0
288,Myrtle-Willoughby Avs (G),3746.301524,8.228791266,0,36,0.666666222,8.517393171,11.10992232,2.047050976,0.693147181,2.618824394,12.25,12.25,1,2.583997552,0,29.81169834,0.075461497,6458.790081,205.6203913,0,0,0,0,0,1,0,0,0,0,1,0,1,2.708050201,14.38084369,12.16784511,2.995732274,0,0
234,East Broadway (F),10936.61345,9.299962903,0,41,0.666666222,9.035510681,11.27042069,1.854035382,4.219507705,3.182647124,13.5,13.5,1,2.674148649,0,28.62031779,-0.643180774,6764.920292,-27.41011008,0,0,0,0,0,0,1,0,0,0,1,0,1,3.784189634,9.339472057,6.078767679,3.36729583,4,4
630,"Myrtle-Wyckoff Avs (M,L)",15786.93953,9.667001606,0,36.67,0.666666222,8.188133415,11.16687955,1.727603282,2.197224577,2.189203295,19.5,25.25,2,3.020424886,0,18.4173176,-0.735150773,4775.248488,-109.8006226,0,0,0,0,0,1,0,0,0,0,1,0,1,2.944438979,16.66496699,14.57730608,3.218875825,3,4
52,Avenue U (Q),5073.417271,8.531966974,0,38.67,0.666666222,9.08545719,10.73561376,1.425287836,0.693147181,2.147643247,40.5,40.5,1,3.725693427,0,24.32023764,0.450346822,3730.258136,-0.062738758,0,0,0,0,0,1,0,0,0,0,1,0,1,2.772588722,33.56069695,27.1058551,0,0,1
383,183 St (4),3475.493832,8.153779545,0,43,0.666666222,8.02289687,11.54838913,1.981342092,1.791759469,2.220207035,34.75,34.75,1,3.576550269,0,32.5985867,-0.60874452,8877.445857,-58.98369737,1,0,0,1,0,0,0,0,0,1,0,0,1,2.995732274,17.24138449,14.16954868,3.258096538,0,0
209,Far Rockaway-Mott Av (A),3065.57402,8.028316263,0,21.67,0.49999975,8.050065423,10.50309299,1.732032379,1.609437912,1.992671718,73.5,73.5,1,4.310799125,0,22.65164612,-0.78944907,2760.869617,247.1249221,0,0,0,0,0,0,0,1,0,0,1,0,1,1.791759469,48.06222602,43.51165768,0,2,1
57,"W 8 St-NY Aquarium (F,Q)",1853.903302,7.525587845,0,71,0.999999,7.425953657,10.14222882,1.846808428,2.197224577,2.64084758,50,52.25,2,3.931825633,0,12.01291699,0.023029887,4066.597306,80.47244565,0,0,0,0,0,1,0,0,0,0,1,0,1,2.302585093,24.94721075,22.12290589,0,0,1
311,86 St (1),12503.78586,9.433866719,0,52.33,0.999999,8.753687227,11.46587579,1.759991371,4.094344562,2.246740765,9.5,9.5,1,2.351375257,0,7.640672576,0.206803502,10005.86514,-196.8082771,0,0,0,0,0,0,1,0,0,0,1,0,1,3.583518938,6.390826117,4.719152777,2.944438979,0,0
293,Van Cortlandt Park-242 St (1),4830.149734,8.482839758,0,43.33,0.666666222,8.305731145,9.969415733,1.576416256,0.693147181,2.079690456,39.25,39.25,1,3.695110004,0,36.32551531,0.284166676,688.835015,-22.10091241,1,0,0,1,0,0,0,0,0,1,0,0,1,2.48490665,35.64913849,31.5525175,2.302585093,0,1
450,103 St-Corona Plaza (7),19936.47756,9.900356534,0,76.67,0.999999,8.243808424,11.29626088,1.566248257,1.386294361,2.430476933,29,29,1,3.401197382,0,20.59993644,1.174283239,5681.697854,-249.6854205,0,0,0,0,0,0,0,1,0,0,1,0,1,2.63905733,20.43181425,13.77501258,3.258096538,0,0
269,"Northern Blvd (M,R)",4790.307511,8.47455862,0,51.33,0.666666222,8.306965865,10.45515757,2.147716036,1.791759469,2.198784137,20.25,20.38,2,3.056356895,0,10.8468385,0.021337294,1723.006258,18.9916,0,0,0,0,0,0,0,1,0,0,1,0,1,2.564949357,21.9511305,17.83647097,3.258096538,0,0
457,52 St (7),4700.237179,8.455580983,0,44.67,0.666666222,8.413387023,10.80507066,2.073600445,1.945910149,1.95198013,,,,0,1,14.83056854,-0.077576484,5409.585617,89.89198974,0,0,0,0,0,0,0,1,0,0,1,0,1,2.63905733,20.46859756,16.92002016,3.17805383,0,0
34,53 St (R),6286.876028,8.746378618,0,39.33,0.666666222,8.850230966,11.1000278,1.808128725,2.397895273,2.776741263,45,45,2,3.828641396,0,17.86897498,-1.492108288,5433.869072,12.76802869,0,0,0,0,0,1,0,0,0,0,1,0,1,2.890371758,17.67959707,10.65490536,3.218875825,0,0
243,"Church Av (F,G)",6645.110547,8.801787082,0,76.33,0.999999,8.935377072,10.77787237,1.81637995,1.945910149,2.514832555,34.5,35.25,2,3.569532696,0,21.92339053,-0.113165082,3590.011901,-48.6375546,0,0,0,0,0,1,0,0,0,0,1,0,1,2.708050201,18.86603946,15.3996084,3.044522438,2,4
270,"46 St (M,R)",5350.221759,8.58508018,0,51.33,0.999999,8.588024372,10.44856966,2.117703072,1.791759469,2.039888413,18.75,18.88,2,2.983153491,0,11.11094845,-1.023225628,3364.722628,-33.95058826,0,0,0,0,0,0,0,1,0,0,1,0,1,2.397895273,17.64579603,13.94564979,3.258096538,0,0
143,Inwood-207 St (A),5839.652092,8.672597729,0,40.33,0.666666222,7.207859871,10.88496659,1.842021225,2.944438979,2.445419929,28.5,28.5,1,3.384390263,0,23.5893963,-1.351282532,5405.746833,-123.4081426,0,0,0,0,0,0,1,0,0,0,1,0,1,2.197224577,12.54892219,9.059733295,2.944438979,0,0
252,Avenue X (F),1847.546444,7.522154903,0,34,0.666666222,7.939515261,10.45097292,1.779459047,1.386294361,2.290356594,50.5,50.5,1,3.941581808,0,15.59978602,-0.475342849,2008.485601,18.77957796,0,0,0,0,0,1,0,0,0,0,1,0,1,2.197224577,32.10717296,24.48930861,0,4,4
343,Nostrand Av (3),2555.378628,7.846346938,0,39,0.999999,7.708859601,11.09687958,1.756344334,2.63905733,2.034580128,31.5,31.75,2,3.481240089,0,10.72998959,-1.618541773,4888.599413,-37.18467729,0,0,0,0,0,1,0,0,0,0,1,0,1,2.708050201,13.92597571,11.89122865,3.17805383,0,0
96,Kosciuszko St (J),3923.294388,8.27494184,0,34.33,0.666666222,7.737616283,10.97864355,1.786247282,1.945910149,1.785299231,19,19,1,2.995732274,0,26.03290414,-0.721697694,4722.765535,90.23279186,0,0,0,0,0,1,0,0,0,0,1,0,1,2.708050201,17.90733561,15.06420782,3.135494216,0,0
336,"Hoyt St (2,3)",5683.629052,8.645521154,0,74,0.999999,9.605889815,10.94234984,2.023403793,3.850147602,2.55730562,20,20,2,3.044522438,0,13.25957312,0.392010593,5232.358929,505.3339172,0,0,0,0,0,1,0,0,0,0,1,0,1,2.833213344,6.304559656,5.373390516,3.401197382,0,0
424,"Pelham Pkwy (2,5)",5333.610728,8.581971195,0,42.67,0.666666222,8.204945165,10.72143752,1.552487721,1.945910149,2.042427328,42.25,43.88,2,3.766997233,0,36.7,0.312237762,5192.048093,-108.5449102,1,0,0,0,1,0,0,0,0,0,0,0,1,2.890371758,28.8646299,24.84217493,0,0,1
475,96 St (Q),12813.53876,9.458335646,0,41,0.666666222,9.356602879,11.55025978,1.798884725,3.33220451,2.685780914,12.5,13.5,2,2.602689685,0,12.27766001,0.058745725,8166.173887,67.00520109,0,0,0,0,0,0,1,0,0,0,1,0,1,3.258096538,7.359741099,5.825802453,3.044522438,0,0
416,Wakefield-241 St (2),2810.395743,7.941436345,0,38,0.666666222,7.531016332,9.981928979,1.705850204,0,1.424581337,58,58,1,4.077537444,0,30.36343184,-0.798639018,2076.006517,-10.28465335,1,0,0,0,1,0,0,0,0,0,0,0,1,1.609437912,44.9714413,37.99544855,0,2,1
67,20 Av (D),3597.546746,8.188285361,0,34.33,0.666666222,8.121777419,10.93426701,1.607818234,1.791759469,2.091111722,47,47,1,3.871201011,0,21.69104327,-0.407344126,4998.685202,105.5849898,0,0,0,0,0,1,0,0,0,0,1,0,1,2.397895273,28.20354166,23.40291181,0,0,1
442,Eastchester-Dyre Av (5),2699.211962,7.901085553,0,32.33,0.666666222,8.525954697,9.605216279,2.21205105,1.098612289,1.334957872,47.75,47.75,1,3.886705197,0,46.1,-0.51958042,403.7410925,33.21996652,1,0,0,0,1,0,0,0,0,0,0,0,1,2.397895273,44.18521385,33.84662692,0,0,1
393,116 St (6),8893.89544,9.093232845,0,58,0.999999,8.889032572,11.3374524,1.787865763,3.401197382,2.322379019,15.5,15.5,2,2.803360381,0,36.89243627,-0.411654174,7811.325851,134.3845681,0,0,0,0,0,0,1,0,0,0,1,0,1,3.295836866,8.623785815,7.351928752,3.091042453,0,0
85,"75 St-Elderts Ln (J,Z)",1501.979802,7.315204951,0,34.33,0.666666222,6.805722553,10.43737519,1.416978559,0.693147181,1.483685955,33.5,35,2,3.540959324,0,13.25817235,-0.478531705,3214.516105,-23.60431067,0,0,0,0,0,0,0,1,0,0,1,0,1,2.302585093,31.62783669,26.31708756,0,0,1
368,Morrison Av-Soundview (6),3705.94261,8.217962722,0,45,0.666666222,7.571473649,11.05181022,1.775332959,1.098612289,2.011136679,33.75,33.75,1,3.548179572,0,36.32551531,0.284166676,6288.363452,-56.42527075,1,0,0,0,1,0,0,0,0,0,0,0,1,2.772588722,28.50330848,23.89561233,0,0,1
254,Jamaica-179 St (F),14015.57668,9.547995957,0,41.67,0.666666222,8.749890956,10.44764156,1.57758438,0.693147181,1.806711749,38,38,1,3.663561646,0,14.98500807,-0.707093283,3578.690379,46.59035425,0,0,0,0,0,0,0,1,0,0,1,0,1,3.784189634,36.72300142,32.90621506,0,4,4
127,DeKalb Av (L),8873.35456,9.090920886,0,67.67,0.999999,8.437500423,11.05133435,1.787254165,2.397895273,2.255219665,18,18,1,2.944438979,0,12.22413743,-1.326563987,4594.045321,-184.8531426,0,0,0,0,0,1,0,0,0,0,1,0,1,2.944438979,15.4858492,13.18278064,3.17805383,3,4
449,111 St (7),6383.826258,8.761679557,0,76,0.999999,8.209308412,10.77741343,1.964438464,1.609437912,2.428137094,30.5,30.5,1,3.449987546,0,20.45999956,1.934382964,5486.665631,-57.79287638,0,0,0,0,0,0,0,1,0,0,1,0,1,2.708050201,21.85540579,14.98859492,2.944438979,0,0
384,Burnside Av (4),6012.663945,8.701789483,0,43,0.666666222,8.024207486,11.53106986,1.99861164,2.079441542,2.137025198,33.25,33.25,1,3.533686565,0,32.5985867,-0.60874452,7188.530384,-12.67158624,1,0,0,1,0,0,0,0,0,1,0,0,1,2.772588722,19.28111584,16.02044272,3.36729583,0,0
1,"Astoria-Ditmars Blvd (N,W)",11006.62192,9.306343213,0,45,0.666666222,8.977272739,10.6415842,1.664025458,2.564949357,1.915598898,23,23.25,2,3.17805383,0,8.562460828,-0.590358666,2926.245127,38.21770771,0,0,0,0,0,0,0,1,0,0,1,0,1,1.945910149,21.60092332,17.58077158,3.091042453,0,0
157,"96 St (C,B)",7289.854741,8.894376067,0,45.67,0.666666222,8.567506005,11.08539878,1.055982777,3.663561646,2.31315615,10.5,12,2,2.442347035,0,8.000090833,-0.40832415,6205.869845,23.69502539,0,0,0,0,0,0,1,0,0,0,1,0,1,3.688879454,6.690675237,4.500208887,2.48490665,0,0
296,Marble Hill-225 St (1),3371.797896,8.123497915,0,46.33,0.999999,8.334951631,10.80689566,2.241515982,1.945910149,2.031145559,34.5,34.5,1,3.569532696,0,36.32551531,0.284166676,6180.315258,-69.75689877,0,0,0,0,0,0,1,0,0,0,1,0,1,2.833213344,20.05517874,16.55736428,2.944438979,0,0
361,Buhre Av (6),2642.566219,7.879884125,0,41.67,0.666666222,7.374629015,10.09385995,1.844091504,0.693147181,1.280454359,42,42,1,3.761200116,0,36.32551531,0.284166676,3421.869384,5.460068009,1,0,0,0,1,0,0,0,0,0,0,0,1,2.63905733,47.78079297,42.83375538,0,0,1
37,77 St (R),4022.607583,8.299934188,0,36.67,0.666666222,8.303504799,10.74147074,1.597708049,2.48490665,2.175256998,49.75,49.75,1,3.926911618,0,14.62888227,0.076271131,3912.671637,5.637362122,0,0,0,0,0,1,0,0,0,0,1,0,1,4.17438727,27.85948377,23.57911315,2.995732274,0,0
391,"138 St-Grand Concourse (4,5)",2618.438921,7.870715422,0,70.67,0.999999,8.622093601,10.64380454,2.030236576,2.708050201,2.459182587,16.5,16.5,2,2.862200881,0,36.7,0.312237762,1681.560354,57.91650391,0,0,0,0,0,0,0,0,0,0,1,0,1,2.944438979,13.62193945,10.80114981,2.944438979,0,0
395,103 St (6),8480.911889,9.045691162,0,58.33,0.999999,9.251098364,11.35153531,1.717983775,3.33220451,2.739742121,13,13,2,2.63905733,0,34.66329209,0.693897947,6490.178292,-185.2014786,0,0,0,0,0,0,1,0,0,0,1,0,1,3.258096538,6.729440921,5.556220718,3.091042453,0,0
86,Cypress Hills (J),1018.869436,6.927429895,0,34.67,0.666666222,6.936342736,10.25544639,1.240568278,1.386294361,1.320588156,34,34,1,3.555348061,0,19.72720919,-1.431351472,2572.185607,47.69646041,0,0,0,0,0,1,0,0,0,0,1,0,1,2.302585093,30.18080343,25.47334643,0,0,1
605,"168 St-Washington Hts (1,A,C)",17334.49395,9.760511352,0,71.67,0.999999,7.753623547,11.30011583,1.696153105,2.944438979,2.581808872,18.5,24,3,2.970414466,0,25.86921911,-0.451362909,5058.220273,12.37978025,0,0,0,0,0,0,1,0,0,0,1,0,1,2.772588722,12.9403311,8.495539402,2.890371758,0,0
268,"65 St (M,R)",2402.65052,7.784743911,0,51.67,0.666666222,8.206583614,10.87231381,1.992185048,2.302585093,2.215034522,21.75,21.88,2,3.124565145,0,7.588581458,-1.685264897,3984.238294,-0.391323571,0,0,0,0,0,0,0,1,0,0,1,0,1,2.564949357,24.05046008,19.31074456,3.401197382,0,0
307,116 St-Columbia University (1),11143.2038,9.318674803,0,51,0.666666222,9.246382963,11.02633707,1.785818746,3.891820298,3.079632017,15.5,15.5,1,2.803360381,0,14.40723161,0.103405024,5583.873337,9.281957566,0,0,0,0,0,0,1,0,0,0,1,0,1,2.833213344,6.558557168,5.473703281,2.564949357,0,0
54,"Sheepshead Bay (B,Q)",9700.038945,9.179988267,0,53,0.999999,9.650786449,10.55409251,1.832079811,1.098612289,2.210369585,39,41.25,2,3.688879454,0,14.42488772,-0.95319591,2744.427944,36.93426363,0,0,0,0,0,1,0,0,0,0,1,0,1,2.197224577,36.06982315,29.9478094,0,0,1
418,"233 St (2,5)",2606.342163,7.866086653,0,42,0.666666222,8.090402297,10.60077615,1.962247908,0.693147181,1.79376243,53.5,54.25,2,3.998200702,0,30.36343184,-0.798639018,4727.048714,34.53597786,1,0,0,0,1,0,0,0,0,0,0,0,1,2.079441542,44.40516977,36.94567871,0,2,1
621,"Broadway Junction (A,C,J,Z,L)",5483.081096,8.609604828,0,61,0.999999,7.340835554,10.32685806,2.087523946,0.693147181,1.585135569,24.5,26,5,3.238678452,0,25.68656121,0.504366393,1853.037045,68.8684735,0,0,0,0,0,1,0,0,0,0,1,0,1,2.48490665,19.13577185,17.47388313,2.772588722,4,4
51,"Kings Hwy (B,Q)",14519.16691,9.583293783,0,53,0.999999,9.494917629,10.76962119,1.541958966,1.098612289,2.368043657,35,36.5,2,3.583518938,0,15.9089467,-0.844493636,3579.758759,28.39549469,0,0,0,0,0,1,0,0,0,0,1,0,1,2.63905733,36.00670877,28.94526128,0,0,1
44,"Church Av (B,Q)",10076.11865,9.218022653,0,53.33,0.999999,7.851661178,11.04448861,1.770489444,3.044522438,1.846142878,27,27.25,2,3.33220451,0,18.34834754,-0.730444402,7434.444692,-138.7651271,0,0,0,0,0,1,0,0,0,0,1,0,1,2.944438979,13.36305664,11.30788303,3.135494216,0,0
365,Castle Hill Av (6),3721.175194,8.222063506,0,41.67,0.49999975,8.723394022,10.85724746,1.857744187,1.386294361,1.927182483,36.5,36.5,1,3.624340933,0,36.32551531,0.284166676,3084.190138,-33.89987014,1,0,0,0,1,0,0,0,0,0,0,0,1,2.833213344,32.01969039,26.54841532,0,0,1
420,"219 St (2,5)",1536.946118,7.338203115,0,42,0.666666222,7.440146681,10.68322519,1.725185729,1.098612289,1.580811792,49.75,51.12,2,3.926911618,0,30.36343184,-0.798639018,3411.173775,-28.46946423,1,0,0,0,1,0,0,0,0,0,0,0,1,2.302585093,38.76438266,31.90995115,0,2,1
371,Hunts Point Av (6),6638.904209,8.800852816,0,54.33,0.999999,8.402006782,10.7629751,2.334338821,2.079441542,2.373651576,28.5,29,2,3.384390263,0,36.32551531,0.284166676,4240.680798,-18.76728491,1,0,0,0,1,0,0,0,0,0,0,0,1,2.397895273,20.81338078,17.45157435,2.890371758,0,0
74,18 Av (N),3661.116836,8.20579663,0,34.67,0.666666222,8.374246182,10.73007237,1.692902758,1.609437912,2.64463375,42,48.25,2,3.761200116,0,21.19283246,-0.075227115,3724.989903,-62.76466688,0,0,0,0,0,1,0,0,0,0,1,0,1,1.945910149,30.52828333,22.88348351,0,0,1
428,"174 St (2,5)",3595.812651,8.187803358,0,65,0.999999,8.3423635,10.6047517,1.859549481,0,2.032305121,36.5,36.5,1,3.624340933,0,36.7,0.312237762,4718.389966,22.58400956,1,0,0,0,1,0,0,0,0,0,0,0,1,2.772588722,24.137831,20.11608819,2.944438979,0,0
461,"Queensboro Plaza (7,N,W)",10573.88238,9.266236881,0,45.33,0.666666222,9.011401509,9.931783422,2.061518674,2.63905733,1.959971152,12,12.25,4,2.564949357,0,11.31433164,0.504859968,4198.197746,464.8243557,0,0,0,0,0,0,0,1,0,0,1,0,1,2.708050201,11.39951441,7.922173174,3.044522438,0,0
198,Howard Beach-JFK Airport (A),2313.723694,7.747045605,0,22.33,0.39999984,6.873163834,8.955448122,1.027692004,0,1.247178204,52,52,1,3.970291914,0,10.2,-0.027622378,439.8960749,-8.444441801,0,0,0,0,0,0,0,1,0,0,1,0,1,2.302585093,70.47638686,63.9340715,0,0,1
626,"Franklin Av-Medgar Evers College/Botanic Garden (2,3,4,5,S)",10738.78078,9.281709956,0,36,0.999999,7.454141078,10.98987543,1.922099661,3.044522438,1.729658851,0,0,4,0,0,15.28255975,-0.632404757,6972.566136,149.7715188,0,0,0,0,0,1,0,0,0,0,1,0,1,2.63905733,11.84867483,10.08488229,3.135494216,4,4
278,"Jamaica Center-Parsons/Archer (E,J,Z)",21249.52044,9.964136665,0,76,0.999999,8.611593867,10.50421786,2.292630342,3.091042453,2.059974748,34.75,46,3,3.576550269,0,15.28737261,-0.754501448,1743.896844,58.1529638,0,0,0,0,0,0,0,1,0,0,1,0,1,3.761200116,35.2612681,30.8207977,0,0,0
299,Dyckman St (1),4658.865445,8.446741852,0,46.67,0.666666222,7.640603826,11.30603659,1.963544909,2.890371758,2.466593461,30.5,30.5,1,3.449987546,0,22.8891354,-0.326095662,7985.308,58.40137382,0,0,0,0,0,0,1,0,0,0,1,0,1,2.772588722,11.36598968,8.185570975,3.044522438,0,0
636,"Jay St-MetroTech (A,C,F,R)",27337.58841,10.21605448,0,38,0.666666222,9.643290937,10.9724307,2.026646565,3.828641396,2.56179516,18,21.5,5,2.944438979,0,12.19576702,0.319386831,3583.028804,324.0520769,0,0,0,0,0,1,0,0,0,0,1,0,1,2.833213344,6.145362731,5.254310402,3.33220451,3,4
251,Avenue U (F),1398.070392,7.243563289,0,34.33,0.666666222,7.933079772,10.5699827,1.343008249,1.791759469,2.135333508,48.5,48.5,1,3.90197267,0,15.23351667,-0.179375443,2314.287684,59.22865811,0,0,0,0,0,1,0,0,0,0,1,0,1,2.079441542,33.97149029,25.06961763,0,4,4
458,46 St-Bliss St (7),9244.58545,9.131901468,0,88.67,1.333331556,8.715388097,10.95380206,2.048142069,1.945910149,1.96468606,17.5,17.5,2,2.917770732,0,16.19747409,0.104991731,4914.081198,41.81503403,0,0,0,0,0,0,0,1,0,0,1,0,1,2.63905733,19.85088751,16.55284935,3.218875825,0,0
436,Harlem-148 St (3),2240.882862,7.715071355,0,34,0.49999975,6.161207322,11.13019984,2.174889835,2.708050201,1.886592431,21.5,21.5,1,3.113515309,0,19.24683864,-0.422377419,8132.871633,106.3467337,0,0,0,0,0,0,1,0,0,0,1,0,1,2.564949357,9.608259113,8.203873945,3.135494216,0,0
207,Beach 36 St (A),562.601657,6.33434772,0,20.67,0.39999984,8.050065423,9.756899868,1.766531722,0,1.992671718,70,70,1,4.262679877,0,41.26011687,1.44159116,818.295349,12.21848714,0,0,0,0,0,0,0,1,0,0,1,0,1,1.791759469,48.06222602,43.51165768,0,2,1
459,40 St-Lowery St (7),7224.420295,8.885360684,0,88.67,0.999999,8.931816237,10.67190453,2.011501716,2.079441542,1.916283426,16.5,16.5,2,2.862200881,0,9.825422383,-0.74332671,5527.02193,-15.57974514,0,0,0,0,0,0,0,1,0,0,1,0,1,2.397895273,19.06463159,15.90146241,3.295836866,0,0
196,Aqueduct Racetrack (A),520.4632317,6.256638767,0,12.67,0.181818149,7.43543802,9.458293602,1.251017801,0,1.240794,49,49,1,3.912023005,0,6.605292703,0.248820429,881.6574623,-3.875422255,0,0,0,0,0,0,0,1,0,0,1,0,1,2.564949357,50.44227983,43.63323521,0,0,1
137,East 105 St (L),2036.415336,7.619437291,0,60.67,0.999999,8.266935348,9.991223667,2.038465956,0.693147181,1.450979015,34,34,1,3.555348061,0,28.73760413,0.415741547,680.4388333,-1.345551314,0,0,0,0,0,1,0,0,0,0,1,0,1,2.397895273,36.26407711,30.39677295,0,3,4
79,86 St (N),1794.305697,7.492930591,0,34,0.49999975,7.612336837,10.48408175,1.932734654,1.609437912,2.158985865,50,56.25,2,3.931825633,0,23.66393729,-0.206322688,2643.859864,0.189970575,0,0,0,0,0,1,0,0,0,0,1,0,1,2.48490665,31.02929476,24.35698086,0,0,1
431,"Intervale Av (2,5)",1852.235426,7.524688269,0,65.67,0.999999,8.217168596,11.06157871,2.02871156,2.302585093,2.542232219,30,30,1,3.433987204,0,36.7,0.312237762,5996.271524,107.9481897,1,0,0,0,1,0,0,0,0,0,0,0,1,2.772588722,20.27855964,16.83791203,3.091042453,0,0
629,"Metropolitan Av/Lorimer St (G,L)",11482.82747,9.348695017,0,68.33,0.999999,8.843182098,10.93604907,1.921859819,2.63905733,2.346314204,8.25,8.62,2,2.224623552,0,13.83530506,0.092310621,4181.146426,135.1669759,0,0,0,0,0,1,0,0,0,0,1,0,1,2.63905733,9.323773302,7.707289522,3.17805383,4,4
241,"15 St-Prospect Park (F,G)",4473.498972,8.406149663,0,77,0.999999,8.236950048,10.46378882,1.23407864,2.397895273,2.23292979,30,30.75,2,3.433987204,0,12.62139243,-0.614474664,3592.463889,54.85578405,0,0,0,0,0,1,0,0,0,0,1,0,1,2.197224577,12.1899677,9.850714928,2.63905733,2,4
222,Roosevelt Island (M),5416.318699,8.597356267,0,33.33,0.666666222,8.07121854,10.51322595,1.877783375,2.833213344,1.054424982,10.5,10.5,1,2.442347035,0,15.35352746,0.892132191,3157.111127,384.3158861,0,0,0,0,0,0,1,0,0,0,1,0,1,1.386294361,8.745992162,5.468471678,2.397895273,2,4
345,"Crown Hts-Utica Av (3,4)",16975.37996,9.739578243,0,83,0.999999,8.356554845,11.12300393,1.783960074,1.386294361,2.147955365,32.75,34.5,4,3.518980417,0,28.37514221,1.718399643,5936.084208,82.92860761,0,0,0,0,0,1,0,0,0,0,1,0,1,2.772588722,18.5964357,15.46263881,3.218875825,0,0
211,"Bedford Park Blvd (B,D)",4265.993529,8.358664767,0,46.67,0.666666222,8.032360148,11.14921152,1.983608156,2.48490665,2.194134463,34,37.75,2,3.555348061,0,36.32551531,0.284166676,7263.962537,163.6902981,1,0,0,1,0,0,0,0,0,1,0,0,1,2.995732274,17.22753817,14.91705859,3.36729583,2,4
294,238 St (1),3132.381531,8.049868062,0,46.33,0.79999936,8.617038526,10.57732448,2.03586765,1.609437912,1.914675976,37.5,37.5,1,3.650658241,0,36.32551531,0.284166676,2229.514895,17.71182914,1,0,0,1,0,0,0,0,0,1,0,0,1,2.48490665,35.97167804,30.18277695,2.944438979,0,0
444,Gun Hill Rd (5),3085.45156,8.034777348,0,32.67,0.49999975,8.485908901,10.38767142,1.37758833,0.693147181,1.579336475,43.25,43.25,1,3.789855371,0,46.1,-0.51958042,1545.181834,-17.80017469,1,0,0,0,1,0,0,0,0,0,0,0,1,2.63905733,47.56788649,41.66794967,0,0,1
187,Shepherd Av (C),1829.998065,7.512616488,0,29.67,0.666666222,7.560601163,10.76563884,1.703647598,1.098612289,1.700855218,45,45,1,3.828641396,0,19.39587225,-1.796642505,3781.550149,43.7786416,0,0,0,0,0,1,0,0,0,0,1,0,1,2.564949357,26.67279784,22.55034125,0,0,1
627,"Franklin Av (C,S)",3908.192368,8.271086076,0,36,0.15384613,7.754481547,10.92251536,1.841583443,2.833213344,2.037466607,29,29,1,3.401197382,0,14.28143977,-0.420260474,3706.65952,57.1322699,0,0,0,0,0,1,0,0,0,0,1,0,1,2.708050201,10.8251304,9.141350409,3.091042453,3,4
421,"Gun Hill Rd (2,5)",4025.566219,8.300669237,0,41.67,0.666666222,8.370547611,10.65925736,1.884976077,1.098612289,1.83305768,47.75,49.12,2,3.886705197,0,36.7,0.312237762,4425.063325,-38.26092507,1,0,0,0,1,0,0,0,0,0,0,0,1,2.772588722,32.01864887,26.76226496,1.098612289,0,1
190,80 St (A),3027.787615,8.015917691,0,43.67,0.666666222,7.125283092,10.59056636,1.48990351,0.693147181,1.708289359,42.5,42.5,1,3.772760938,0,21.46173794,-0.366792586,3288.258245,-16.66107198,0,0,0,0,0,0,0,1,0,0,1,0,1,2.772588722,33.16275818,27.40718965,0,0,1
290,Classon Av (G),4016.483007,8.298410868,0,36,0.666666222,8.49023301,11.01754659,1.912732595,2.890371758,2.506213118,15,15,1,2.772588722,0,22.92581923,-0.419890781,5781.510274,30.06663973,0,0,0,0,0,1,0,0,0,0,1,0,1,2.890371758,12.88518177,10.88998489,3.091042453,0,0
210,Norwood-205 St (D),4387.130685,8.386658603,0,34.33,0.49999975,8.749890956,11.01794038,1.802075942,2.302585093,2.301566104,39.5,39.5,1,3.701301974,0,36.32551531,0.284166676,5395.769297,-197.1569556,1,0,0,0,1,0,0,0,0,0,0,0,1,2.944438979,19.63724449,16.23382236,3.091042453,2,4
191,88 St (A),1987.171807,7.594970805,0,44,0.666666222,7.720905252,10.40477786,1.274282239,0,1.738843926,44.5,44.5,1,3.817712326,0,12.92598095,-0.983557882,2473.223738,-24.02617481,0,0,0,0,0,0,0,1,0,0,1,0,1,2.772588722,34.48002571,28.5676373,0,0,1
306,125 St (1),6426.772013,8.768383258,0,51,0.999999,9.091669442,10.97513966,1.997356139,3.713572067,2.82119237,18,18,1,2.944438979,0,32.28816687,0.03582565,4896.092067,-11.63046044,0,0,0,0,0,0,1,0,0,0,1,0,1,3.044522438,6.790258453,5.530124878,2.944438979,0,0
370,Whitlock Av (6),1227.233007,7.113331836,0,45.67,0.666666222,5.988961417,10.85560864,2.271875227,1.098612289,2.413278698,31,31,1,3.465735903,0,36.32551531,0.284166676,2527.709448,-32.50629321,1,0,0,0,1,0,0,0,0,0,0,0,1,1.386294361,18.44939047,17.6833551,2.564949357,0,0
287,Flushing Av (G),2241.859035,7.715506686,0,36.33,0.666666222,8.854379459,11.25167758,2.134548722,1.609437912,3.179979593,11,11,1,2.48490665,0,38.25112532,-0.789993414,7526.68813,481.2246616,0,0,0,0,0,1,0,0,0,0,1,0,1,2.890371758,15.03238908,11.57741529,2.944438979,0,0
2,"Astoria Blvd (N,W)",7942.654451,8.980128707,0,45,0.666666222,8.705331134,10.81530831,1.782123577,2.708050201,1.921697707,21,21.25,2,3.091042453,0,8.028216572,-0.455374436,3222.859855,-30.76579881,0,0,0,0,0,0,0,1,0,0,1,0,1,2.397895273,16.61206381,13.80609651,2.944438979,0,0
90,"Van Siclen Av (J,Z)",1702.305273,7.440325921,0,34,0.666666222,7.109879463,10.39007171,2.022113496,2.079441542,1.348081884,27,27.75,2,3.33220451,0,20.97705649,-1.115743704,2966.807477,-1.434582355,0,0,0,0,0,1,0,0,0,0,1,0,1,2.302585093,27.07240092,23.92141177,0.693147181,0,1
221,21 St-Queensbridge (M),5337.413703,8.582683829,0,33.67,0.49999975,8.976514972,9.923486239,2.131360712,2.302585093,2.095184147,12.5,12.5,1,2.602689685,0,27.16283586,-1.537573603,4459.047421,27.9686484,0,0,0,0,0,0,0,1,0,0,1,0,1,2.708050201,14.92477979,11.56322177,2.833213344,2,4
50,Avenue M (Q),4057.600931,8.308593595,0,38.67,0.666666222,9.395491256,10.72814534,1.572793303,1.386294361,2.521315985,35.5,35.5,1,3.597312261,0,17.83349047,-1.034782966,3405.479968,120.9416312,0,0,0,0,0,1,0,0,0,0,1,0,1,2.833213344,36.5511702,29.19157735,0,0,1
129,Halsey St (L),5460.994255,8.60556925,0,61.67,0.999999,7.729295674,10.81617179,1.942022742,2.48490665,2.120817034,21,21,1,3.091042453,0,14.22280827,-1.113164511,2352.129137,-21.74595916,0,0,0,0,0,0,0,1,0,0,1,0,1,2.890371758,26.2600941,22.43997825,3.218875825,2,4
308,Cathedral Pkwy (110 St) (1),8882.613994,9.091963734,0,51.33,0.999999,9.221675882,11.13906076,1.819313776,3.970291914,2.904115137,14.5,14.5,1,2.740840024,0,18.15968429,0.028564069,8591.538751,6.01558224,0,0,0,0,0,0,1,0,0,0,1,0,1,2.772588722,6.085094286,4.772674496,2.564949357,0,0
212,"Kingsbridge Rd (B,D)",4024.570936,8.300422027,0,47.67,0.666666222,8.196161139,11.40568541,2.037484593,2.302585093,2.282733407,32,35.75,2,3.496507561,0,36.32551531,0.284166676,8312.820301,-97.39037801,1,0,0,1,0,0,0,0,0,1,0,0,1,3.044522438,16.23087711,13.40976828,3.258096538,2,4
445,Pelham Pkwy (5),2093.033503,7.646847391,0,33,0.666666222,9.416541203,10.34942259,1.314923302,1.098612289,2.432977888,40.75,40.75,1,3.731699451,0,46.1,-0.51958042,1370.239551,-45.54696728,1,0,0,0,1,0,0,0,0,0,0,0,1,2.708050201,42.82202493,36.09431094,0,0,1
99,"Lorimer St (M,J)",2869.982765,7.962409677,0,59.67,0.999999,8.720460513,11.23351575,2.029161013,2.079441542,2.987935423,21.5,21.5,1,3.113515309,0,36.15509037,0.52614092,7194.539529,176.4055894,0,0,0,0,0,1,0,0,0,0,1,0,1,2.890371758,13.23128958,10.22584389,3.135494216,0,0
136,New Lots Av (L),2384.396831,7.777120776,0,60.67,0.999999,8.199464198,10.19544796,2.147949307,1.386294361,1.966309283,32,32,1,3.496507561,0,18.46294847,-0.893386688,2165.747756,57.1971834,0,0,0,0,0,1,0,0,0,0,1,0,1,2.708050201,23.31435287,19.64848517,0,2,4
256,Parsons Blvd (F),5091.986091,8.535619596,0,42.33,0.666666222,9.157466882,10.73162444,1.869029407,2.995732274,2.221241173,34.5,34.5,1,3.569532696,0,21.59806775,-0.390039189,4300.194739,52.21791037,0,0,0,0,0,0,0,1,0,0,1,0,1,3.951243719,35.67688132,31.22280948,0,4,4
134,Sutter Av (L),1726.838353,7.454626399,0,61.67,0.999999,7.526717561,10.61516204,2.087373961,1.098612289,1.732015185,29,29,1,3.401197382,0,41.61046037,-1.164302787,2473.268634,6.534147271,0,0,0,0,0,1,0,0,0,0,1,0,1,2.397895273,20.68321546,17.74929658,1.386294361,2,4
94,Halsey St (J),3911.404088,8.27190732,0,35,0.666666222,7.326465614,11.03912263,1.533666404,0.693147181,1.578326799,22,22,1,3.135494216,0,22.23400049,-0.788331183,4604.794583,55.41014824,0,0,0,0,0,1,0,0,0,0,1,0,1,2.708050201,20.13608199,17.65276904,3.135494216,0,0
216,"174-175 Sts (B,D)",2735.793602,7.914542296,0,42.67,0.666666222,8.127995056,11.38951412,2.147413238,1.098612289,2.178816221,33,33,1,3.526360525,0,15.77668782,-0.772409006,7365.920363,-71.31797379,1,0,0,1,0,0,0,0,0,1,0,0,1,2.833213344,19.42004421,16.36206481,3.36729583,2,4
443,Baychester Av (5),1888.283986,7.543953193,0,32.67,0.49999975,8.255828427,10.48313003,1.848498411,1.098612289,2.276383063,45,45,1,3.828641396,0,46.1,-0.51958042,1491.726218,166.1813961,1,0,0,0,1,0,0,0,0,0,0,0,1,2.708050201,32.85444397,28.29321267,0,0,1
298,207 St (1),4202.989296,8.343789186,0,47,0.999999,7.376508126,11.03472836,2.129959783,2.944438979,2.467449848,32,32,1,3.496507561,0,32.5985867,-0.60874452,4799.389452,-74.32738892,0,0,0,0,0,0,1,0,0,0,1,0,1,2.48490665,11.98699726,8.745739258,2.944438979,0,0
437,145 St (3),2004.105769,7.603452091,0,34.33,0.666666222,7.908019445,11.07081712,2.055813137,3.091042453,2.112871529,19,19,1,2.995732274,0,34.01480337,0.654021724,6003.90944,242.7124125,0,0,0,0,0,0,1,0,0,0,1,0,1,3.258096538,10.90259397,9.12269027,3.044522438,0,0
378,Woodlawn (4),4368.079584,8.382307644,0,41.33,0.666666222,8.530109417,9.894900792,0.693600634,1.098612289,2.525584688,44.25,44.25,1,3.81220267,0,36.7,0.312237762,2401.232349,121.673772,1,0,0,0,1,0,0,0,0,0,0,0,1,2.48490665,21.59558042,15.67113944,2.079441542,0,1
78,Avenue U (N),2787.658503,7.933315936,0,35,0.666666222,7.78113851,10.73802578,1.427656661,1.386294361,2.10687388,49,55.25,2,3.912023005,0,20.98334282,0.049618231,3113.585258,-32.07585658,0,0,0,0,0,1,0,0,0,0,1,0,1,2.397895273,29.92043197,23.12815687,0,0,1
203,"Rockaway Park-Beach 116 St (A,S)",504.8189405,6.22617878,0,21.67,0.39999984,7.100027167,9.223848722,2.102352214,0.693147181,1.728860126,70.5,70.5,1,4.26969745,0,10.6956863,0.305003429,580.0304112,-15.59295439,0,0,0,0,0,0,0,1,0,0,1,0,1,2.197224577,56.50886408,51.070821,0,0,1
242,"Fort Hamilton Pkwy (F,G)",4403.413643,8.390362418,0,75.67,0.999999,7.930925372,10.3904712,1.44714404,2.772588722,1.944278274,32.75,33.12,2,3.518980417,0,6.516972052,0.073686947,2700.519184,253.2036281,0,0,0,0,0,1,0,0,0,0,1,0,1,2.48490665,15.71945045,12.46134358,3.044522438,2,4
282,21 St (G),1319.085847,7.185452049,0,36,0.49999975,9.080231687,9.928424038,2.105075863,2.63905733,1.570130175,1,1,1,0.693147181,0,10.64634268,1.701167713,2447.361959,206.2523833,0,0,0,0,0,0,0,1,0,0,1,0,1,2.772588722,8.582543867,7.510874458,3.135494216,0,0
301,181 St (1),7394.815735,8.908669678,0,46.33,0.999999,8.510369966,11.50818424,1.910275953,3.688879454,2.475461375,27.5,27.5,1,3.349904087,0,18.53900886,-1.136179984,7124.793756,-88.42446143,0,0,0,0,0,0,1,0,0,0,1,0,1,2.772588722,13.03179166,8.782728305,2.944438979,1,0
6,"39 Av-Dutch Kills (N,W)",2725.287978,7.910696248,0,46.33,0.666666222,8.948066103,9.876013576,1.897103644,2.079441542,2.053758305,15,15.25,2,2.772588722,0,16.61539989,-0.276294748,1484.91708,48.24943686,0,0,0,0,0,0,0,1,0,0,1,0,1,2.708050201,12.62425788,9.691812716,2.890371758,0,0
66,18 Av (D),4355.382862,8.379397373,0,34.33,0.49999975,8.283746747,10.88140006,1.441715688,1.791759469,2.015572591,45.75,45.75,1,3.844814256,0,10.24677798,-1.086143968,3357.397383,-41.30631868,0,0,0,0,0,1,0,0,0,0,1,0,1,2.397895273,33.10860879,27.21499453,0,0,1
46,Cortelyou Rd (Q),4235.578374,8.351511235,0,38.33,0.666666222,8.015657615,11.08558278,1.560650865,2.772588722,2.022547816,29.5,29.5,1,3.417726684,0,12.75379196,-0.60896862,4510.979856,-21.22825099,0,0,0,0,0,1,0,0,0,0,1,0,1,2.772588722,18.4403121,15.59237413,2.708050201,0,0
68,Bay Pkwy (D),5435.647073,8.600917803,0,35,0.666666222,8.247482004,10.88599664,1.532427268,1.098612289,2.211722239,48.5,48.5,1,3.90197267,0,28.31303992,1.422097277,4518.039966,39.44902392,0,0,0,0,0,1,0,0,0,0,1,0,1,2.397895273,26.07121181,21.51286083,0,0,1
339,"Bergen St (2,3)",3323.814647,8.109169206,0,78.67,0.999999,8.411832676,10.90413782,1.893451176,4.262679877,2.103214783,24.5,24.5,2,3.238678452,0,4.628555781,-0.615300135,4684.994607,226.9094887,0,0,0,0,0,1,0,0,0,0,1,0,1,2.944438979,7.06090684,5.984746594,3.295836866,0,0
286,Broadway (G),3289.410696,8.098767668,0,36.33,0.666666222,9.037533408,11.22892992,1.912364214,1.945910149,3.097115994,9.5,9.5,1,2.351375257,0,24.67594973,-1.383513407,5487.085531,66.40850737,0,0,0,0,0,1,0,0,0,0,1,0,1,2.833213344,13.33968211,9.857463714,2.995732274,0,0
253,Neptune Av (F),1180.052612,7.074161364,0,33,0.49999975,8.452121195,10.44371663,1.861141233,1.791759469,2.50395806,53,53,1,3.988984047,0,11.55008499,0.070734937,1565.829273,5.619182169,0,0,0,0,0,1,0,0,0,0,1,0,1,2.302585093,27.37140413,22.98928319,0,4,4
36,Bay Ridge Av (R),5780.660861,8.662446267,0,37,0.666666222,8.416488487,10.78624218,2.013010261,2.302585093,2.396660342,48.25,48.25,1,3.896909368,0,14.20789446,-1.477333834,5328.38519,-48.38892171,0,0,0,0,0,1,0,0,0,0,1,0,1,4.043051268,22.16919973,17.87686904,3.091042453,0,0
257,Sutphin Blvd (F),2987.223029,8.002434185,0,40.67,0.666666222,8.381831553,10.71519524,2.057990989,1.386294361,2.245196847,33,33,1,3.526360525,0,22.06592879,-0.768327928,3514.182827,20.08100774,0,0,0,0,0,0,0,1,0,0,1,0,1,3.688879454,30.76820373,27.15626121,0,4,4
377,3 Av-138 St (6),5542.413582,8.62036576,0,57.67,0.999999,8.662331957,10.67708505,2.098356303,2.079441542,2.522678443,21.25,21.38,2,3.102342009,0,36.7,0.312237762,5343.245746,33.54440725,1,0,0,1,0,0,0,0,0,1,0,0,1,2.772588722,13.06481825,9.558361951,2.833213344,0,0
135,Livonia Av (L),1937.17979,7.569504559,0,61.33,0.999999,6.499787041,10.66490067,1.988164916,1.386294361,1.704167058,30.5,30.5,1,3.449987546,0,28.6595516,-1.072754464,2954.026225,17.88261003,0,0,0,0,0,1,0,0,0,0,1,0,1,2.302585093,21.55764469,18.69912474,0,2,1
176,Lafayette Av (C),3960.780479,8.284448819,0,30.67,0.666666222,8.79996322,10.81263282,1.924250365,4.262679877,2.280289152,25.5,25.5,1,3.277144733,0,12.4860756,0.161080707,4718.171791,86.47956011,0,0,0,0,0,1,0,0,0,0,1,0,1,2.890371758,8.641253625,7.000958478,3.295836866,0,0
346,Sutter Av-Rutland Rd (3),4210.435414,8.345558822,0,40.33,0.666666222,8.367532417,10.94093341,1.697919217,1.386294361,1.982553765,33.5,37.75,4,3.540959324,0,51.22891111,1.341024093,3782.164991,-112.8362468,0,0,0,0,0,1,0,0,0,0,1,0,1,2.63905733,21.3224016,17.95951802,2.302585093,0,0
197,Aqueduct-N Conduit Av (A),599.2941461,6.397419779,0,22,0.39999984,6.246106765,9.286560398,1.511080178,0,0.730482717,50,50,1,3.931825633,0,7.968507024,0.207965174,826.9730003,2.79199511,0,0,0,0,0,0,0,1,0,0,1,0,1,2.63905733,60.3774919,52.25017278,0,0,1
341,"Eastern Pkwy-Brooklyn Museum (2,3)",3380.917755,8.126198211,0,78.33,0.999999,7.539027056,10.79415274,1.848232126,2.890371758,1.784982468,28,28,2,3.36729583,0,8.21736457,-0.716297562,4262.191581,28.8568745,0,0,0,0,0,1,0,0,0,0,1,0,1,2.772588722,9.579944732,8.285081086,3.091042453,0,0
